{
  "full_class_counts": {
    "1": 211840,
    "2": 283301,
    "3": 35754,
    "4": 2747,
    "5": 9493,
    "6": 17367,
    "7": 20510
  },
  "sample_class_counts": {
    "1": 7292,
    "2": 9752,
    "3": 1231,
    "4": 94,
    "5": 327,
    "6": 598,
    "7": 706
  },
  "sample_class_pct": {
    "1": 36.46,
    "2": 48.76,
    "3": 6.155,
    "4": 0.47,
    "5": 1.635,
    "6": 2.99,
    "7": 3.53
  },
  "continuous_summary": {
    "Elevation": {
      "mean": 2959.6416015625,
      "std": 281.3330078125,
      "min": 1860.0,
      "max": 3858.0
    },
    "Aspect": {
      "mean": 155.45106506347656,
      "std": 111.62126922607422,
      "min": 0.0,
      "max": 360.0
    },
    "Slope": {
      "mean": 14.0962495803833,
      "std": 7.441896438598633,
      "min": 0.0,
      "max": 65.0
    },
    "Horizontal_Distance_To_Hydrology": {
      "mean": 268.79949951171875,
      "std": 211.95362854003906,
      "min": 0.0,
      "max": 1383.0
    },
    "Vertical_Distance_To_Hydrology": {
      "mean": 46.997501373291016,
      "std": 58.589210510253906,
      "min": -155.0,
      "max": 466.0
    },
    "Horizontal_Distance_To_Roadways": {
      "mean": 2349.262451171875,
      "std": 1565.023193359375,
      "min": 0.0,
      "max": 7023.0
    },
    "Hillshade_9am": {
      "mean": 212.12281799316406,
      "std": 26.906118392944336,
      "min": 68.0,
      "max": 254.0
    },
    "Hillshade_Noon": {
      "mean": 223.30506896972656,
      "std": 19.812761306762695,
      "min": 0.0,
      "max": 254.0
    },
    "Hillshade_3pm": {
      "mean": 142.57281494140625,
      "std": 38.354652404785156,
      "min": 0.0,
      "max": 252.0
    },
    "Horizontal_Distance_To_Fire_Points": {
      "mean": 1985.1424560546875,
      "std": 1326.9327392578125,
      "min": 0.0,
      "max": 6990.0
    }
  },
  "n_train": 16000,
  "n_test": 4000,
  "n_features": 54
}