{
  "run_name": "ga",
  "method": "GA",
  "population_size": 15,
  "n_generations": 30,
  "mutation_std": 0.01,
  "crossover_rate": 0.7,
  "elitism_k": 2,
  "n_final_layers": 2,
  "n_ro_params": 1159,
  "best_val_loss": 0.5696085481643677,
  "total_func_evals": 465,
  "test_metrics": {
    "accuracy": 0.73825,
    "macro_f1": 0.5442867942685471,
    "balanced_acc": 0.5307913513392735,
    "confusion_matrix": [
      [
        1017,
        369,
        1,
        0,
        0,
        1,
        36
      ],
      [
        321,
        1599,
        31,
        0,
        3,
        15,
        3
      ],
      [
        0,
        19,
        203,
        6,
        0,
        21,
        0
      ],
      [
        0,
        0,
        6,
        6,
        0,
        4,
        0
      ],
      [
        1,
        49,
        4,
        0,
        10,
        2,
        0
      ],
      [
        0,
        26,
        71,
        4,
        0,
        30,
        0
      ],
      [
        53,
        1,
        0,
        0,
        0,
        0,
        88
      ]
    ],
    "per_class_report": {
      "CT1": {
        "precision": 0.7306034482758621,
        "recall": 0.714185393258427,
        "f1-score": 0.7223011363636364,
        "support": 1424.0
      },
      "CT2": {
        "precision": 0.7750848279205041,
        "recall": 0.8108519269776876,
        "f1-score": 0.7925650557620818,
        "support": 1972.0
      },
      "CT3": {
        "precision": 0.6424050632911392,
        "recall": 0.8152610441767069,
        "f1-score": 0.7185840707964601,
        "support": 249.0
      },
      "CT4": {
        "precision": 0.375,
        "recall": 0.375,
        "f1-score": 0.375,
        "support": 16.0
      },
      "CT5": {
        "precision": 0.7692307692307693,
        "recall": 0.15151515151515152,
        "f1-score": 0.25316455696202533,
        "support": 66.0
      },
      "CT6": {
        "precision": 0.410958904109589,
        "recall": 0.22900763358778625,
        "f1-score": 0.29411764705882354,
        "support": 131.0
      },
      "CT7": {
        "precision": 0.6929133858267716,
        "recall": 0.6197183098591549,
        "f1-score": 0.654275092936803,
        "support": 142.0
      },
      "accuracy": 0.73825,
      "macro avg": {
        "precision": 0.6280280569506622,
        "recall": 0.5307913513392735,
        "f1-score": 0.5442867942685471,
        "support": 4000.0
      },
      "weighted avg": {
        "precision": 0.734450999939636,
        "recall": 0.73825,
        "f1-score": 0.731141969373547,
        "support": 4000.0
      }
    }
  },
  "history": {
    "best_so_far": [
      0.5804806833267212,
      0.5804201288223266,
      0.5789761166572571,
      0.5783137168884277,
      0.5783137168884277,
      0.5779272718429566,
      0.5779272718429566,
      0.577776587486267,
      0.5768238358497619,
      0.5761269135475159,
      0.5756135244369507,
      0.5756135244369507,
      0.5734992880821228,
      0.5734992880821228,
      0.5730190534591675,
      0.5730190534591675,
      0.5721917085647583,
      0.5721917085647583,
      0.5721917085647583,
      0.5707745351791382,
      0.570324631690979,
      0.570324631690979,
      0.570324631690979,
      0.570324631690979,
      0.570324631690979,
      0.570324631690979,
      0.570324631690979,
      0.570324631690979,
      0.5696085481643677,
      0.5696085481643677,
      0.5696085481643677
    ],
    "func_evals": [
      15,
      30,
      45,
      60,
      75,
      90,
      105,
      120,
      135,
      150,
      165,
      180,
      195,
      210,
      225,
      240,
      255,
      270,
      285,
      300,
      315,
      330,
      345,
      360,
      375,
      390,
      405,
      420,
      435,
      450,
      465
    ],
    "wall_clock_s": [
      0.0,
      0.6135865250000734,
      1.0969439159998728,
      1.5777751789999002,
      2.061948806999908,
      2.5436753429999044,
      3.156041723000044,
      3.648229614999991,
      4.144125679999888,
      4.634195529999943,
      5.117842826000015,
      5.730967304999922,
      6.2229537539999455,
      6.707119326999873,
      7.191906105000044,
      7.810692639000081,
      8.299321299999974,
      8.790566978000015,
      9.281623357999933,
      9.766328296999973,
      10.371687574999896,
      10.854524664999872,
      11.37604105299988,
      11.861613798999997,
      12.350755628999877,
      13.003853877999973,
      13.493540806000055,
      13.990751177999982,
      14.481756985999937,
      14.967661796999892,
      15.642705057000057
    ],
    "generation": [
      0,
      1,
      2,
      3,
      4,
      5,
      6,
      7,
      8,
      9,
      10,
      11,
      12,
      13,
      14,
      15,
      16,
      17,
      18,
      19,
      20,
      21,
      22,
      23,
      24,
      25,
      26,
      27,
      28,
      29,
      30
    ]
  }
}