{
  "lr=0.0001_b1=0.5": {
    "lr": 0.0001,
    "beta1": 0.5,
    "val_loss": 0.6604050960540772
  },
  "lr=0.0001_b1=0.8": {
    "lr": 0.0001,
    "beta1": 0.8,
    "val_loss": 0.6628392090797425
  },
  "lr=0.0001_b1=0.9": {
    "lr": 0.0001,
    "beta1": 0.9,
    "val_loss": 0.66145108127594
  },
  "lr=0.0001_b1=0.95": {
    "lr": 0.0001,
    "beta1": 0.95,
    "val_loss": 0.6617483396530152
  },
  "lr=0.001_b1=0.5": {
    "lr": 0.001,
    "beta1": 0.5,
    "val_loss": 0.5210985951423645
  },
  "lr=0.001_b1=0.8": {
    "lr": 0.001,
    "beta1": 0.8,
    "val_loss": 0.5221996068954468
  },
  "lr=0.001_b1=0.9": {
    "lr": 0.001,
    "beta1": 0.9,
    "val_loss": 0.5185115962028504
  },
  "lr=0.001_b1=0.95": {
    "lr": 0.001,
    "beta1": 0.95,
    "val_loss": 0.5244199380874633
  },
  "lr=0.005_b1=0.5": {
    "lr": 0.005,
    "beta1": 0.5,
    "val_loss": 0.5168660349845886
  },
  "lr=0.005_b1=0.8": {
    "lr": 0.005,
    "beta1": 0.8,
    "val_loss": 0.518599139213562
  },
  "lr=0.005_b1=0.9": {
    "lr": 0.005,
    "beta1": 0.9,
    "val_loss": 0.5453340620994568
  },
  "lr=0.005_b1=0.95": {
    "lr": 0.005,
    "beta1": 0.95,
    "val_loss": 0.5072512111663818
  },
  "lr=0.01_b1=0.5": {
    "lr": 0.01,
    "beta1": 0.5,
    "val_loss": 0.5340182485580445
  },
  "lr=0.01_b1=0.8": {
    "lr": 0.01,
    "beta1": 0.8,
    "val_loss": 0.5199054441452027
  },
  "lr=0.01_b1=0.9": {
    "lr": 0.01,
    "beta1": 0.9,
    "val_loss": 0.514665629863739
  },
  "lr=0.01_b1=0.95": {
    "lr": 0.01,
    "beta1": 0.95,
    "val_loss": 0.5159267344474793
  }
}