{
  "run_name": "part2_nesterov_seed7",
  "seed": 7,
  "train_loss": [
    0.8773708977699279,
    0.6617491518656413,
    0.6279720311164856,
    0.6067795767784119,
    0.5866684584617615,
    0.5715623720486959,
    0.556182370185852,
    0.5456125140190125,
    0.5339599409103394,
    0.5218480064074198,
    0.5158661824862162,
    0.5054932858943939,
    0.49580348761876425,
    0.48915284538269044,
    0.48329141942660014,
    0.476545405069987,
    0.465093533039093,
    0.4556636964480082,
    0.45348798259099327,
    0.44706114069620767,
    0.43985395749409995,
    0.4373077244758606,
    0.43310674357414247,
    0.42905728761355083,
    0.4220397061506907,
    0.4215248215198517,
    0.4123364914258321,
    0.40339551615715025,
    0.4019282972017924,
    0.394116873661677,
    0.3936814820766449,
    0.3920984085400899,
    0.38361119278271993,
    0.37984541376431785,
    0.37284731078147887,
    0.36320526464780173,
    0.3609231714407603,
    0.3606966465314229,
    0.3629181508223216,
    0.36079352704683937
  ],
  "val_loss": [
    0.6733605813980102,
    0.6345676321983338,
    0.618862744808197,
    0.5979453945159912,
    0.5958604669570923,
    0.58132626247406,
    0.5603912925720215,
    0.5529056596755981,
    0.5519165573120117,
    0.5475380592346192,
    0.5448953685760498,
    0.5237949957847595,
    0.5357057857513428,
    0.5300188202857972,
    0.5250708789825439,
    0.5208994207382203,
    0.5240855684280395,
    0.5267109823226929,
    0.5428992743492127,
    0.5065294809341431,
    0.5214484190940857,
    0.5168754663467408,
    0.5174034276008606,
    0.5099229345321655,
    0.49545640182495115,
    0.5247262120246887,
    0.4984101247787476,
    0.5133136758804321,
    0.5092113580703735,
    0.5188325300216675,
    0.5030768709182739,
    0.5009103465080261,
    0.5041102819442749,
    0.5103405871391297,
    0.5257402601242065,
    0.5071248540878296,
    0.5051250810623169,
    0.5073550148010254,
    0.5035930528640747,
    0.5171325473785401
  ],
  "grad_evals": [
    47,
    94,
    141,
    188,
    235,
    282,
    329,
    376,
    423,
    470,
    517,
    564,
    611,
    658,
    705,
    752,
    799,
    846,
    893,
    940,
    987,
    1034,
    1081,
    1128,
    1175,
    1222,
    1269,
    1316,
    1363,
    1410,
    1457,
    1504,
    1551,
    1598,
    1645,
    1692,
    1739,
    1786,
    1833,
    1880
  ],
  "wall_clock_s": [
    0.19427212100004,
    0.39331987299988214,
    0.5877924429998984,
    0.7845332029999099,
    0.987506804000077,
    1.192832454999916,
    1.398880226000074,
    1.5988336539999182,
    1.7924513380000917,
    1.9857030739999573,
    2.179032100000086,
    2.382993653000085,
    2.602078983999945,
    2.8029132300000583,
    3.1848040970000966,
    3.4152984790000573,
    3.6267933760000233,
    3.8223057140000947,
    4.017232680999996,
    4.212604510999881,
    4.411300339000036,
    4.612769200999992,
    4.805255530000068,
    5.005025696000075,
    5.20688111100003,
    5.403008522999926,
    5.595609854000031,
    5.789553086000069,
    5.9855605449999985,
    6.178342586000099,
    6.3762342919999355,
    6.571730202000026,
    6.935120119999965,
    7.143671269999913,
    7.340904800000089,
    7.535660992999965,
    7.726542145999929,
    7.92061891100002,
    8.120054812000035,
    8.329049812999983
  ],
  "total_grad_evals": 1880,
  "best_val_loss": 0.49545640182495115,
  "n_epochs_run": 40,
  "test_metrics": {
    "accuracy": 0.78025,
    "macro_f1": 0.6021438391644427,
    "balanced_acc": 0.5742524641794459,
    "confusion_matrix": [
      [
        1110,
        289,
        0,
        0,
        0,
        1,
        24
      ],
      [
        290,
        1641,
        25,
        0,
        2,
        14,
        0
      ],
      [
        0,
        15,
        215,
        3,
        0,
        16,
        0
      ],
      [
        0,
        0,
        8,
        6,
        0,
        2,
        0
      ],
      [
        5,
        44,
        2,
        0,
        12,
        3,
        0
      ],
      [
        1,
        16,
        73,
        2,
        0,
        39,
        0
      ],
      [
        43,
        1,
        0,
        0,
        0,
        0,
        98
      ]
    ],
    "per_class_report": {
      "CT1": {
        "precision": 0.7660455486542443,
        "recall": 0.7794943820224719,
        "f1-score": 0.7727114514444832,
        "support": 1424.0
      },
      "CT2": {
        "precision": 0.8180458624127617,
        "recall": 0.8321501014198783,
        "f1-score": 0.8250377073906485,
        "support": 1972.0
      },
      "CT3": {
        "precision": 0.6656346749226006,
        "recall": 0.8634538152610441,
        "f1-score": 0.7517482517482518,
        "support": 249.0
      },
      "CT4": {
        "precision": 0.5454545454545454,
        "recall": 0.375,
        "f1-score": 0.4444444444444444,
        "support": 16.0
      },
      "CT5": {
        "precision": 0.8571428571428571,
        "recall": 0.18181818181818182,
        "f1-score": 0.3,
        "support": 66.0
      },
      "CT6": {
        "precision": 0.52,
        "recall": 0.29770992366412213,
        "f1-score": 0.3786407766990291,
        "support": 131.0
      },
      "CT7": {
        "precision": 0.8032786885245902,
        "recall": 0.6901408450704225,
        "f1-score": 0.7424242424242424,
        "support": 142.0
      },
      "accuracy": 0.78025,
      "macro avg": {
        "precision": 0.7108003110159428,
        "recall": 0.5742524641794459,
        "f1-score": 0.6021438391644427,
        "support": 4000.0
      },
      "weighted avg": {
        "precision": 0.7793156527716326,
        "recall": 0.78025,
        "f1-score": 0.774109518949886,
        "support": 4000.0
      }
    }
  }
}