{
  "run_name": "part2_nesterov_seed42",
  "seed": 42,
  "train_loss": [
    0.8812131628990173,
    0.6642927047411601,
    0.6298353187243144,
    0.6056623539924622,
    0.5837487921714782,
    0.5681959276199341,
    0.5596279536883036,
    0.5376228268941243,
    0.529164161602656,
    0.5193511347770691,
    0.5138722306887309,
    0.5039143679936727,
    0.4875829291343689,
    0.48692560799916584,
    0.4774456556638082,
    0.4724178614616394,
    0.46636646127700804,
    0.4613100464344025,
    0.45317685333887736,
    0.4492327888011932,
    0.4470489709377289,
    0.431456147034963,
    0.4230437915325165,
    0.4229661145210266,
    0.4206401272614797,
    0.4147502616246541,
    0.4128752119541168,
    0.4019292702674866,
    0.4022590302626292,
    0.3941503462791443,
    0.3903304579257965,
    0.3823097856839498,
    0.3782998728752136,
    0.37533316429456076,
    0.3737551058928172,
    0.3672258983453115,
    0.36620417833328245,
    0.35252164498964944,
    0.3492536014715831,
    0.3510177487532298
  ],
  "val_loss": [
    0.6880039472579956,
    0.6464692015647888,
    0.6182179498672485,
    0.6016542563438415,
    0.593114619731903,
    0.5814467463493347,
    0.5723493175506592,
    0.5508745703697204,
    0.5514142956733704,
    0.564533805847168,
    0.5500691041946412,
    0.538365026473999,
    0.5385612511634826,
    0.5385083351135254,
    0.5260680108070374,
    0.5289320845603943,
    0.5503179488182068,
    0.523530101776123,
    0.5346951475143432,
    0.5278583536148072,
    0.5231991376876831,
    0.5209021692276001,
    0.5296410236358643,
    0.5200464043617249,
    0.5276820993423462,
    0.5141067204475402,
    0.5157017140388489,
    0.5088462419509888,
    0.5152652659416199,
    0.5222947421073914,
    0.5195282464027404,
    0.5221463289260865,
    0.52755384349823,
    0.5204409832954406,
    0.5078313174247742,
    0.5205002446174621,
    0.5185321683883667,
    0.5126134247779847,
    0.5256331329345703,
    0.5116802921295166
  ],
  "grad_evals": [
    47,
    94,
    141,
    188,
    235,
    282,
    329,
    376,
    423,
    470,
    517,
    564,
    611,
    658,
    705,
    752,
    799,
    846,
    893,
    940,
    987,
    1034,
    1081,
    1128,
    1175,
    1222,
    1269,
    1316,
    1363,
    1410,
    1457,
    1504,
    1551,
    1598,
    1645,
    1692,
    1739,
    1786,
    1833,
    1880
  ],
  "wall_clock_s": [
    0.19152584399989792,
    0.3831576719999248,
    0.5735835279999719,
    0.7667636710000352,
    0.9573440930000743,
    1.3096439609998924,
    1.5040256709999085,
    1.7043994840000778,
    1.902663088000054,
    2.0970310999998674,
    2.28753315799986,
    2.473632062999968,
    2.665010746000007,
    2.850905113999943,
    3.0388640959999975,
    3.229723083999943,
    3.420457813999974,
    3.6148156419999395,
    3.8081294149999394,
    3.9998475529998814,
    4.190294903999984,
    4.385389190000069,
    4.580080033000058,
    4.9297348630000215,
    5.126526368999976,
    5.317262602000028,
    5.508686719000025,
    5.706266946999904,
    5.900508909999871,
    6.0893320509999285,
    6.277511816000015,
    6.466438295999978,
    6.656570207999948,
    6.853081932999885,
    7.041462034000006,
    7.238289186999964,
    7.426137684999958,
    7.621765700999958,
    7.816748743000062,
    8.01039112400008
  ],
  "total_grad_evals": 1880,
  "best_val_loss": 0.5078313174247742,
  "n_epochs_run": 40,
  "test_metrics": {
    "accuracy": 0.77,
    "macro_f1": 0.6147026308295223,
    "balanced_acc": 0.5865901638243474,
    "confusion_matrix": [
      [
        1065,
        326,
        0,
        0,
        0,
        1,
        32
      ],
      [
        275,
        1649,
        13,
        0,
        9,
        25,
        1
      ],
      [
        0,
        18,
        172,
        1,
        0,
        57,
        1
      ],
      [
        0,
        0,
        8,
        5,
        0,
        3,
        0
      ],
      [
        2,
        40,
        3,
        0,
        19,
        2,
        0
      ],
      [
        0,
        17,
        56,
        1,
        0,
        57,
        0
      ],
      [
        27,
        2,
        0,
        0,
        0,
        0,
        113
      ]
    ],
    "per_class_report": {
      "CT1": {
        "precision": 0.7779401022644266,
        "recall": 0.7478932584269663,
        "f1-score": 0.7626208378088077,
        "support": 1424.0
      },
      "CT2": {
        "precision": 0.8036062378167641,
        "recall": 0.8362068965517241,
        "f1-score": 0.8195825049701789,
        "support": 1972.0
      },
      "CT3": {
        "precision": 0.6825396825396826,
        "recall": 0.6907630522088354,
        "f1-score": 0.6866267465069861,
        "support": 249.0
      },
      "CT4": {
        "precision": 0.7142857142857143,
        "recall": 0.3125,
        "f1-score": 0.43478260869565216,
        "support": 16.0
      },
      "CT5": {
        "precision": 0.6785714285714286,
        "recall": 0.2878787878787879,
        "f1-score": 0.40425531914893614,
        "support": 66.0
      },
      "CT6": {
        "precision": 0.3931034482758621,
        "recall": 0.4351145038167939,
        "f1-score": 0.41304347826086957,
        "support": 131.0
      },
      "CT7": {
        "precision": 0.7687074829931972,
        "recall": 0.795774647887324,
        "f1-score": 0.7820069204152249,
        "support": 142.0
      },
      "accuracy": 0.77,
      "macro avg": {
        "precision": 0.6883934423924394,
        "recall": 0.5865901638243474,
        "f1-score": 0.6147026308295223,
        "support": 4000.0
      },
      "weighted avg": {
        "precision": 0.7698294718937604,
        "recall": 0.77,
        "f1-score": 0.7679874709688178,
        "support": 4000.0
      }
    }
  }
}