{
  "run_name": "part2_nesterov_seed123",
  "seed": 123,
  "train_loss": [
    0.877279356956482,
    0.6583704841931661,
    0.6257434426943461,
    0.6035709029833476,
    0.5848594079812368,
    0.5709036164283753,
    0.5586786918640136,
    0.5454601017634074,
    0.5285127998987834,
    0.5267598714828491,
    0.5155300375620524,
    0.508963640054067,
    0.4937098587354024,
    0.4923548605442047,
    0.47440458234151206,
    0.4693335454463959,
    0.4635360265572866,
    0.46153835153579714,
    0.45226920835177103,
    0.45061018284161886,
    0.43997780672709147,
    0.4381116852760315,
    0.43110850858688354,
    0.42452990635236104,
    0.4242936321099599,
    0.4156090246836344,
    0.4044320346514384,
    0.4034223663012187,
    0.3990358890692393,
    0.396311054388682,
    0.38659966476758323,
    0.3953143590291341,
    0.383915575504303,
    0.3805946895281474,
    0.3682510950565338,
    0.3666981410185496,
    0.36537718590100604,
    0.3625853157043457,
    0.3554813049634298,
    0.35592249155044553
  ],
  "val_loss": [
    0.6722448749542236,
    0.6351094732284546,
    0.6071154460906982,
    0.596592294216156,
    0.5821746973991394,
    0.571856789112091,
    0.5670283284187317,
    0.5490198502540589,
    0.5403256540298462,
    0.5547871785163879,
    0.5288371505737305,
    0.5383056111335754,
    0.5271274061203003,
    0.527579556465149,
    0.5271147637367248,
    0.5252927260398865,
    0.5162737851142883,
    0.5035163602828979,
    0.5203480849266052,
    0.5056838960647583,
    0.5078905835151672,
    0.5073058958053589,
    0.518326313495636,
    0.5124549388885498,
    0.509543496131897,
    0.5106725807189941,
    0.4916225779056549,
    0.49993850803375245,
    0.5205053567886353,
    0.4943532495498657,
    0.5289658131599426,
    0.5175020518302917,
    0.5052683591842652,
    0.5032613096237183,
    0.5136491146087646,
    0.49735809993743896,
    0.5210637855529785,
    0.4963983144760132,
    0.4829388046264648,
    0.5114765748977661
  ],
  "grad_evals": [
    47,
    94,
    141,
    188,
    235,
    282,
    329,
    376,
    423,
    470,
    517,
    564,
    611,
    658,
    705,
    752,
    799,
    846,
    893,
    940,
    987,
    1034,
    1081,
    1128,
    1175,
    1222,
    1269,
    1316,
    1363,
    1410,
    1457,
    1504,
    1551,
    1598,
    1645,
    1692,
    1739,
    1786,
    1833,
    1880
  ],
  "wall_clock_s": [
    0.19304785200006336,
    0.5467631129999972,
    0.7381086630000482,
    0.9340074350000123,
    1.1257880940001996,
    1.3230928630000562,
    1.5184461810001721,
    1.7238340440001139,
    1.9329168770000251,
    2.1284820740002033,
    2.3229946850001397,
    2.5177711390001605,
    2.7382638569999926,
    2.972236280000061,
    3.175101411000014,
    3.3811437100000603,
    3.5857730570000967,
    3.8346905400001106,
    4.032728998000039,
    4.388797229000147,
    4.580086760000086,
    4.772970798000188,
    4.96833638000021,
    5.171180793000076,
    5.368066119000105,
    5.573984693000057,
    5.788793837000185,
    5.987378574000104,
    6.181694356000207,
    6.374413282000205,
    6.569112026000084,
    6.771180925000181,
    6.978022739000153,
    7.172150998000006,
    7.368266705999986,
    7.609108295000169,
    7.80794488000015,
    8.19079700300017,
    8.388501514000154,
    8.586038769000197
  ],
  "total_grad_evals": 1880,
  "best_val_loss": 0.4829388046264648,
  "n_epochs_run": 40,
  "test_metrics": {
    "accuracy": 0.78875,
    "macro_f1": 0.6565409750339689,
    "balanced_acc": 0.6329277623822703,
    "confusion_matrix": [
      [
        1084,
        306,
        0,
        0,
        2,
        1,
        31
      ],
      [
        249,
        1677,
        16,
        0,
        10,
        19,
        1
      ],
      [
        0,
        17,
        192,
        2,
        0,
        38,
        0
      ],
      [
        0,
        0,
        7,
        7,
        0,
        2,
        0
      ],
      [
        3,
        32,
        3,
        0,
        25,
        3,
        0
      ],
      [
        0,
        17,
        54,
        2,
        0,
        58,
        0
      ],
      [
        29,
        1,
        0,
        0,
        0,
        0,
        112
      ]
    ],
    "per_class_report": {
      "CT1": {
        "precision": 0.7941391941391941,
        "recall": 0.7612359550561798,
        "f1-score": 0.7773395482251703,
        "support": 1424.0
      },
      "CT2": {
        "precision": 0.8180487804878048,
        "recall": 0.8504056795131846,
        "f1-score": 0.8339134758826454,
        "support": 1972.0
      },
      "CT3": {
        "precision": 0.7058823529411765,
        "recall": 0.7710843373493976,
        "f1-score": 0.7370441458733206,
        "support": 249.0
      },
      "CT4": {
        "precision": 0.6363636363636364,
        "recall": 0.4375,
        "f1-score": 0.5185185185185185,
        "support": 16.0
      },
      "CT5": {
        "precision": 0.6756756756756757,
        "recall": 0.3787878787878788,
        "f1-score": 0.4854368932038835,
        "support": 66.0
      },
      "CT6": {
        "precision": 0.4793388429752066,
        "recall": 0.44274809160305345,
        "f1-score": 0.4603174603174603,
        "support": 131.0
      },
      "CT7": {
        "precision": 0.7777777777777778,
        "recall": 0.7887323943661971,
        "f1-score": 0.7832167832167832,
        "support": 142.0
      },
      "accuracy": 0.78875,
      "macro avg": {
        "precision": 0.6981751800514958,
        "recall": 0.6329277623822703,
        "f1-score": 0.6565409750339689,
        "support": 4000.0
      },
      "weighted avg": {
        "precision": 0.7869563397772814,
        "recall": 0.78875,
        "f1-score": 0.7866965963004499,
        "support": 4000.0
      }
    }
  }
}