{
  "run_name": "part3_label_smooth_0.1_seed123",
  "seed": 123,
  "train_loss": [
    1.2710150403976441,
    0.9753809591929118,
    0.9489304165840149,
    0.9330827808380127,
    0.9226139942804973,
    0.9122653036117554,
    0.9013432842890422,
    0.8963904984792074,
    0.8881463912328085,
    0.8811359073321025,
    0.8767781480153402,
    0.8678733463287354,
    0.8606204222043355,
    0.8595464843114217,
    0.8505630950927734,
    0.8440914262135824,
    0.8418035825093587,
    0.8371838003794352,
    0.8345083634058634,
    0.8283525034586589,
    0.8268091710408528,
    0.8219594259262085,
    0.8205326045354208,
    0.8148095308939616,
    0.8069144748051962,
    0.803339564482371,
    0.8047114400863647,
    0.8035412783622742,
    0.8018987647692363,
    0.7906437397003174,
    0.7914826412200928,
    0.7845222382545471,
    0.7816140899658203,
    0.7811299794514974,
    0.7804743528366089,
    0.7751487579345703,
    0.7748869595527649,
    0.7706809105873108,
    0.7709407800038656,
    0.7633949014345804
  ],
  "val_loss": [
    0.9992750053405761,
    0.9609000263214111,
    0.9353659248352051,
    0.9248809652328491,
    0.9200425672531128,
    0.9116248579025269,
    0.9026278114318848,
    0.8990376205444336,
    0.9026375761032105,
    0.8927201027870179,
    0.8906644463539124,
    0.89001646900177,
    0.8812097301483154,
    0.882217758178711,
    0.8727117447853089,
    0.880402063369751,
    0.8776646404266357,
    0.867877368927002,
    0.8699959163665771,
    0.8726125555038452,
    0.8675524864196777,
    0.876449167251587,
    0.8608363561630249,
    0.8641352629661561,
    0.8517881007194519,
    0.8548655409812927,
    0.8547172803878784,
    0.8624830551147461,
    0.8565207071304322,
    0.848310971736908,
    0.8463180427551269,
    0.848058554649353,
    0.8478163108825684,
    0.8559417238235474,
    0.8433673105239868,
    0.8442487320899963,
    0.842534291267395,
    0.8485883312225342,
    0.850385880947113,
    0.8496591720581055
  ],
  "grad_evals": [
    47,
    94,
    141,
    188,
    235,
    282,
    329,
    376,
    423,
    470,
    517,
    564,
    611,
    658,
    705,
    752,
    799,
    846,
    893,
    940,
    987,
    1034,
    1081,
    1128,
    1175,
    1222,
    1269,
    1316,
    1363,
    1410,
    1457,
    1504,
    1551,
    1598,
    1645,
    1692,
    1739,
    1786,
    1833,
    1880
  ],
  "wall_clock_s": [
    0.2227046870000322,
    0.4483136230001037,
    0.661036415000126,
    0.8848422400001255,
    1.1074400260001767,
    1.324358299000096,
    1.543330621999985,
    1.7617357260000972,
    1.9800643730000047,
    2.1976098820000516,
    2.417488770000091,
    2.807262536000053,
    3.025796696000043,
    3.2504556470000807,
    3.47256358300001,
    3.689948487000038,
    3.9171646500001316,
    4.137514087999989,
    4.358365181000181,
    4.577229130000205,
    4.795012067000016,
    5.013011019000032,
    5.223799909000036,
    5.440188168000077,
    5.653533099000015,
    5.869072339000013,
    6.084848327000145,
    6.3016757360001066,
    6.515507722000166,
    6.886221453000189,
    7.097199104000083,
    7.311221398000043,
    7.5443674499999815,
    7.800786550000112,
    8.019971823000105,
    8.237665499000059,
    8.467928136000182,
    8.692379429000084,
    8.90376838100019,
    9.11564609700008
  ],
  "total_grad_evals": 1880,
  "best_val_loss": 0.842534291267395,
  "n_epochs_run": 40,
  "test_metrics": {
    "accuracy": 0.78225,
    "macro_f1": 0.6069335429970303,
    "balanced_acc": 0.580085524773489,
    "confusion_matrix": [
      [
        1053,
        348,
        0,
        0,
        0,
        1,
        22
      ],
      [
        235,
        1699,
        19,
        0,
        1,
        17,
        1
      ],
      [
        1,
        13,
        212,
        4,
        0,
        19,
        0
      ],
      [
        0,
        0,
        7,
        6,
        0,
        3,
        0
      ],
      [
        2,
        47,
        4,
        0,
        11,
        2,
        0
      ],
      [
        0,
        20,
        69,
        1,
        0,
        41,
        0
      ],
      [
        33,
        2,
        0,
        0,
        0,
        0,
        107
      ]
    ],
    "per_class_report": {
      "CT1": {
        "precision": 0.7953172205438066,
        "recall": 0.7394662921348315,
        "f1-score": 0.7663755458515283,
        "support": 1424.0
      },
      "CT2": {
        "precision": 0.7980272428370127,
        "recall": 0.8615618661257607,
        "f1-score": 0.8285783955132895,
        "support": 1972.0
      },
      "CT3": {
        "precision": 0.6816720257234726,
        "recall": 0.8514056224899599,
        "f1-score": 0.7571428571428571,
        "support": 249.0
      },
      "CT4": {
        "precision": 0.5454545454545454,
        "recall": 0.375,
        "f1-score": 0.4444444444444444,
        "support": 16.0
      },
      "CT5": {
        "precision": 0.9166666666666666,
        "recall": 0.16666666666666666,
        "f1-score": 0.28205128205128205,
        "support": 66.0
      },
      "CT6": {
        "precision": 0.4939759036144578,
        "recall": 0.31297709923664124,
        "f1-score": 0.38317757009345793,
        "support": 131.0
      },
      "CT7": {
        "precision": 0.823076923076923,
        "recall": 0.7535211267605634,
        "f1-score": 0.7867647058823529,
        "support": 142.0
      },
      "accuracy": 0.78225,
      "macro avg": {
        "precision": 0.7220272182738406,
        "recall": 0.580085524773489,
        "f1-score": 0.6069335429970303,
        "support": 4000.0
      },
      "weighted avg": {
        "precision": 0.781698204627951,
        "recall": 0.78225,
        "f1-score": 0.775361822579347,
        "support": 4000.0
      }
    }
  }
}