{
  "run_name": "part2_adam_no_bias_seed7",
  "seed": 7,
  "train_loss": [
    0.857056529045105,
    0.6433304847081502,
    0.6066748973528544,
    0.5837023380597433,
    0.5637241088549296,
    0.5458701989650726,
    0.5338253922462464,
    0.5230697476069133,
    0.5121816856066386,
    0.4980828557809194,
    0.492898676554362,
    0.48205199241638186,
    0.473284924030304,
    0.46723530658086143,
    0.4597176127433777,
    0.4493503313859304,
    0.44319263887405397,
    0.4336097627480825,
    0.43080220818519593,
    0.4238263517220815,
    0.42304707407951353,
    0.41548225736618044,
    0.41203079907099405,
    0.3998484915892283,
    0.39782103848457334,
    0.3893405668735504,
    0.3850572797457377,
    0.38243256123860675,
    0.3816602780818939,
    0.37600508840878805,
    0.37115311876932777,
    0.36975580390294394,
    0.36076410603523257,
    0.3580847232341766,
    0.3553490715026855,
    0.34818001810709637,
    0.35106016977628074,
    0.3433230120340983,
    0.33743859656651815,
    0.3360054584344228
  ],
  "val_loss": [
    0.6741485457420349,
    0.6221907057762146,
    0.5943184790611267,
    0.5853663444519043,
    0.5643954639434814,
    0.5625232610702514,
    0.5557688231468201,
    0.5432750434875488,
    0.5345304818153381,
    0.5257959146499633,
    0.5257346186637878,
    0.5300039024353027,
    0.5203663845062256,
    0.5149518423080445,
    0.5135365681648254,
    0.5093388509750366,
    0.506519793510437,
    0.5091559553146362,
    0.5043179368972779,
    0.4976895627975464,
    0.49806318044662473,
    0.5007653851509094,
    0.4975160827636719,
    0.4925060396194458,
    0.4935712203979492,
    0.48809123277664185,
    0.49360746717453,
    0.48590818548202513,
    0.48722425031661987,
    0.48695195055007934,
    0.4941653528213501,
    0.4848288335800171,
    0.49404871702194214,
    0.48133661079406737,
    0.4873123688697815,
    0.49056416225433347,
    0.4802778506278992,
    0.4804660339355469,
    0.4958986015319824,
    0.4881147508621216
  ],
  "grad_evals": [
    47,
    94,
    141,
    188,
    235,
    282,
    329,
    376,
    423,
    470,
    517,
    564,
    611,
    658,
    705,
    752,
    799,
    846,
    893,
    940,
    987,
    1034,
    1081,
    1128,
    1175,
    1222,
    1269,
    1316,
    1363,
    1410,
    1457,
    1504,
    1551,
    1598,
    1645,
    1692,
    1739,
    1786,
    1833,
    1880
  ],
  "wall_clock_s": [
    0.20462992499983557,
    0.41320183699986046,
    0.6201641809998364,
    0.8299716449998868,
    1.0515566639999179,
    1.4319913169999836,
    1.6376096100000268,
    1.8468245429999115,
    2.0573921599998357,
    2.255493991999856,
    2.4676477329999216,
    2.681462089999968,
    2.893757414999982,
    3.102262197999835,
    3.3217090709999866,
    3.532940017999863,
    3.7392660419998265,
    3.943490139000005,
    4.146273994000012,
    4.351827089999915,
    4.555696982999962,
    4.7662048019999474,
    4.971750013000019,
    5.335695074999876,
    5.538010914999859,
    5.7483910599999035,
    5.964784389999977,
    6.171922496999969,
    6.374731699999984,
    6.597042129999863,
    6.805616644999873,
    7.012785561999863,
    7.229007673999831,
    7.439716909000026,
    7.6495299050000085,
    7.860880827999836,
    8.068548369999917,
    8.282211148999977,
    8.507411652999963,
    8.71640596899988
  ],
  "total_grad_evals": 1880,
  "best_val_loss": 0.4802778506278992,
  "n_epochs_run": 40,
  "test_metrics": {
    "accuracy": 0.78825,
    "macro_f1": 0.6467007603461876,
    "balanced_acc": 0.6138359037357747,
    "confusion_matrix": [
      [
        1091,
        306,
        0,
        0,
        2,
        1,
        24
      ],
      [
        263,
        1666,
        14,
        0,
        4,
        25,
        0
      ],
      [
        1,
        15,
        198,
        2,
        0,
        33,
        0
      ],
      [
        0,
        0,
        8,
        5,
        0,
        3,
        0
      ],
      [
        3,
        34,
        3,
        0,
        23,
        3,
        0
      ],
      [
        0,
        15,
        61,
        0,
        0,
        55,
        0
      ],
      [
        26,
        1,
        0,
        0,
        0,
        0,
        115
      ]
    ],
    "per_class_report": {
      "CT1": {
        "precision": 0.7882947976878613,
        "recall": 0.7661516853932584,
        "f1-score": 0.7770655270655271,
        "support": 1424.0
      },
      "CT2": {
        "precision": 0.8178694158075601,
        "recall": 0.8448275862068966,
        "f1-score": 0.8311299575954103,
        "support": 1972.0
      },
      "CT3": {
        "precision": 0.6971830985915493,
        "recall": 0.7951807228915663,
        "f1-score": 0.7429643527204502,
        "support": 249.0
      },
      "CT4": {
        "precision": 0.7142857142857143,
        "recall": 0.3125,
        "f1-score": 0.43478260869565216,
        "support": 16.0
      },
      "CT5": {
        "precision": 0.7931034482758621,
        "recall": 0.3484848484848485,
        "f1-score": 0.4842105263157895,
        "support": 66.0
      },
      "CT6": {
        "precision": 0.4583333333333333,
        "recall": 0.4198473282442748,
        "f1-score": 0.43824701195219123,
        "support": 131.0
      },
      "CT7": {
        "precision": 0.8273381294964028,
        "recall": 0.8098591549295775,
        "f1-score": 0.8185053380782918,
        "support": 142.0
      },
      "accuracy": 0.78825,
      "macro avg": {
        "precision": 0.7280582767826119,
        "recall": 0.6138359037357747,
        "f1-score": 0.6467007603461876,
        "support": 4000.0
      },
      "weighted avg": {
        "precision": 0.7875664878748132,
        "recall": 0.78825,
        "f1-score": 0.7857700609489198,
        "support": 4000.0
      }
    }
  }
}