{
  "run_name": "part3_l2_1e-4_seed42",
  "seed": 42,
  "train_loss": [
    1.1382714597384136,
    0.7002319835027059,
    0.6562110404968262,
    0.6292939721743266,
    0.6100113447507223,
    0.59776131772995,
    0.5826760986646017,
    0.5686853238741557,
    0.5527813531557719,
    0.54497762966156,
    0.5361349363327026,
    0.526925754070282,
    0.5184853167533875,
    0.5090772657394409,
    0.5008254310290019,
    0.49192023452123007,
    0.4907510118484497,
    0.4851002720197042,
    0.47884043590227765,
    0.47320591640472415,
    0.45990316033363343,
    0.4583274334271749,
    0.45512779347101845,
    0.4507094702720642,
    0.4452401718298594,
    0.43335684831937155,
    0.4331158135732015,
    0.4226752014160156,
    0.42435517891248065,
    0.41511006967226666,
    0.41143230628967287,
    0.4051300665537516,
    0.40589175041516623,
    0.40063998182614646,
    0.39575106438000995,
    0.39081983812650045,
    0.3979951701958974,
    0.3853712550799052,
    0.3757932992776235,
    0.3760360944271088
  ],
  "val_loss": [
    0.7512360696792603,
    0.678804349899292,
    0.6491811532974243,
    0.6248079676628113,
    0.6160617575645447,
    0.5965390825271606,
    0.59321222448349,
    0.5848473615646362,
    0.5770840406417846,
    0.5625229711532593,
    0.5575498695373535,
    0.5541894059181214,
    0.5436004176139831,
    0.5447012786865234,
    0.537678849697113,
    0.535096574306488,
    0.5428476686477661,
    0.527839138507843,
    0.5346040697097778,
    0.5183727931976319,
    0.5284086532592773,
    0.5164413571357727,
    0.5116440114974976,
    0.5178599729537964,
    0.5087052483558655,
    0.5034598546028137,
    0.5109647769927979,
    0.5061073694229126,
    0.505378098487854,
    0.5054505014419556,
    0.5027308039665223,
    0.5060299549102784,
    0.5133325452804566,
    0.5009798440933227,
    0.5011507821083069,
    0.5113658857345581,
    0.5102173795700073,
    0.4972136297225952,
    0.5052715864181518,
    0.5066170916557312
  ],
  "grad_evals": [
    47,
    94,
    141,
    188,
    235,
    282,
    329,
    376,
    423,
    470,
    517,
    564,
    611,
    658,
    705,
    752,
    799,
    846,
    893,
    940,
    987,
    1034,
    1081,
    1128,
    1175,
    1222,
    1269,
    1316,
    1363,
    1410,
    1457,
    1504,
    1551,
    1598,
    1645,
    1692,
    1739,
    1786,
    1833,
    1880
  ],
  "wall_clock_s": [
    0.20704148400000122,
    0.41374915900019005,
    0.6247709950000626,
    0.8312593750001724,
    1.0383723760000976,
    1.2526777320001656,
    1.4600884339999993,
    1.6731741880000754,
    1.8877215460001935,
    2.103902663000099,
    2.3175272870000754,
    2.687922139000193,
    2.8958722230001968,
    3.1068305220001093,
    3.3139932240001144,
    3.525892160000012,
    3.7299059760000546,
    3.948491967000109,
    4.167709296000112,
    4.373494272000016,
    4.585109339000155,
    4.7960764430001745,
    5.008032961000026,
    5.222262480000154,
    5.429217733000087,
    5.639996028000041,
    5.852002287999994,
    6.060523120000198,
    6.273109412000167,
    6.648885552000138,
    6.857948005000026,
    7.073734191000085,
    7.290090760000112,
    7.508502239000109,
    7.729855726000096,
    7.948007781000115,
    8.167710741000064,
    8.398107525000114,
    8.613118215999975,
    8.823064141000032
  ],
  "total_grad_evals": 1880,
  "best_val_loss": 0.4972136297225952,
  "n_epochs_run": 40,
  "test_metrics": {
    "accuracy": 0.7785,
    "macro_f1": 0.6533982870076324,
    "balanced_acc": 0.6287904803116682,
    "confusion_matrix": [
      [
        1042,
        352,
        0,
        0,
        1,
        1,
        28
      ],
      [
        243,
        1694,
        12,
        0,
        2,
        21,
        0
      ],
      [
        0,
        24,
        167,
        5,
        0,
        53,
        0
      ],
      [
        0,
        0,
        5,
        8,
        0,
        3,
        0
      ],
      [
        2,
        40,
        1,
        0,
        21,
        2,
        0
      ],
      [
        0,
        16,
        46,
        1,
        0,
        68,
        0
      ],
      [
        27,
        1,
        0,
        0,
        0,
        0,
        114
      ]
    ],
    "per_class_report": {
      "CT1": {
        "precision": 0.7929984779299848,
        "recall": 0.7317415730337079,
        "f1-score": 0.7611395178962747,
        "support": 1424.0
      },
      "CT2": {
        "precision": 0.7964268923366243,
        "recall": 0.859026369168357,
        "f1-score": 0.8265430592827518,
        "support": 1972.0
      },
      "CT3": {
        "precision": 0.7229437229437229,
        "recall": 0.6706827309236948,
        "f1-score": 0.6958333333333333,
        "support": 249.0
      },
      "CT4": {
        "precision": 0.5714285714285714,
        "recall": 0.5,
        "f1-score": 0.5333333333333333,
        "support": 16.0
      },
      "CT5": {
        "precision": 0.875,
        "recall": 0.3181818181818182,
        "f1-score": 0.4666666666666667,
        "support": 66.0
      },
      "CT6": {
        "precision": 0.4594594594594595,
        "recall": 0.5190839694656488,
        "f1-score": 0.4874551971326165,
        "support": 131.0
      },
      "CT7": {
        "precision": 0.8028169014084507,
        "recall": 0.8028169014084507,
        "f1-score": 0.8028169014084507,
        "support": 142.0
      },
      "accuracy": 0.7785,
      "macro avg": {
        "precision": 0.7172962893581163,
        "recall": 0.6287904803116682,
        "f1-score": 0.6533982870076324,
        "support": 4000.0
      },
      "weighted avg": {
        "precision": 0.7802196744012888,
        "recall": 0.7785,
        "f1-score": 0.7760645126368969,
        "support": 4000.0
      }
    }
  }
}