{
  "run_name": "part3_dropout_0.2_seed42",
  "seed": 42,
  "train_loss": [
    1.340070506890615,
    0.8200113013585408,
    0.7655051274299621,
    0.7373649554252625,
    0.7177476852734883,
    0.6971867979367574,
    0.6872865966161092,
    0.6688408786455791,
    0.6582593131065368,
    0.6505613792737325,
    0.6393272255261739,
    0.6323155835469564,
    0.6304289657274882,
    0.6207087486584981,
    0.614324944972992,
    0.6102333620389303,
    0.6042267897923788,
    0.6052811110814412,
    0.5965908193588256,
    0.5955881409645081,
    0.5901574107805888,
    0.5836834055582683,
    0.579311891078949,
    0.5697729640007019,
    0.5781731642087301,
    0.5726469422976176,
    0.5701100896199545,
    0.5701402931213378,
    0.5591926900545756,
    0.5591908520062765,
    0.5546971063613891,
    0.5537545363108317,
    0.54519939438502,
    0.544213624159495,
    0.5416610051790873,
    0.5388722693125407,
    0.5376101303895314,
    0.5291030317942301,
    0.5250409302711487,
    0.5269385188420613
  ],
  "val_loss": [
    0.8122199935913086,
    0.711202045917511,
    0.6824102187156678,
    0.6651672339439392,
    0.6469798307418824,
    0.6393118176460266,
    0.6317682881355285,
    0.6243769564628601,
    0.6156666574478149,
    0.6098564958572388,
    0.5995176429748535,
    0.5966453466415406,
    0.5915071983337402,
    0.5860685477256775,
    0.5846207361221314,
    0.5780138683319092,
    0.5747581963539123,
    0.5706204957962037,
    0.5679080681800842,
    0.5665145444869996,
    0.5639116373062134,
    0.5571109437942505,
    0.5562575526237488,
    0.5514672813415528,
    0.5545343255996704,
    0.5530454959869385,
    0.5464662771224975,
    0.545826117515564,
    0.5417761735916138,
    0.5378715510368347,
    0.5366212673187256,
    0.533844340801239,
    0.5387552371025085,
    0.5316045198440552,
    0.529814805984497,
    0.5269915881156921,
    0.5282884035110473,
    0.5233490662574768,
    0.522840539932251,
    0.5232575449943543
  ],
  "grad_evals": [
    47,
    94,
    141,
    188,
    235,
    282,
    329,
    376,
    423,
    470,
    517,
    564,
    611,
    658,
    705,
    752,
    799,
    846,
    893,
    940,
    987,
    1034,
    1081,
    1128,
    1175,
    1222,
    1269,
    1316,
    1363,
    1410,
    1457,
    1504,
    1551,
    1598,
    1645,
    1692,
    1739,
    1786,
    1833,
    1880
  ],
  "wall_clock_s": [
    0.2967149779999545,
    0.5834597600000961,
    0.8684016140000494,
    1.1594889190000686,
    1.4443860379999478,
    1.73255919799999,
    2.014343368000027,
    2.294422419000057,
    2.5894168760000866,
    3.0376936840000326,
    3.319933082000034,
    3.605747916999917,
    3.8874824310000804,
    4.1678913220000595,
    4.457378948000041,
    4.739338963999899,
    5.021926219000079,
    5.307258749000084,
    5.579636327000117,
    5.856173678000005,
    6.136296755000103,
    6.423394770999948,
    6.713817656999936,
    6.995746166000117,
    7.27612271299995,
    7.555324136000081,
    7.846719285000063,
    8.305443151999953,
    8.599151716000051,
    8.883597301999998,
    9.17267953999999,
    9.460243094999896,
    9.742839226000115,
    10.030610446000082,
    10.311298431000068,
    10.600273187000084,
    10.884562188000018,
    11.1614861380001,
    11.440518529999963,
    11.717394608999939
  ],
  "total_grad_evals": 1880,
  "best_val_loss": 0.522840539932251,
  "n_epochs_run": 40,
  "test_metrics": {
    "accuracy": 0.75775,
    "macro_f1": 0.548140127899455,
    "balanced_acc": 0.534446403305611,
    "confusion_matrix": [
      [
        1032,
        355,
        0,
        0,
        0,
        1,
        36
      ],
      [
        294,
        1627,
        18,
        0,
        3,
        29,
        1
      ],
      [
        0,
        13,
        202,
        1,
        0,
        33,
        0
      ],
      [
        0,
        0,
        10,
        1,
        0,
        5,
        0
      ],
      [
        2,
        48,
        2,
        0,
        12,
        2,
        0
      ],
      [
        0,
        13,
        66,
        1,
        0,
        51,
        0
      ],
      [
        35,
        1,
        0,
        0,
        0,
        0,
        106
      ]
    ],
    "per_class_report": {
      "CT1": {
        "precision": 0.7571533382245048,
        "recall": 0.7247191011235955,
        "f1-score": 0.7405812701829925,
        "support": 1424.0
      },
      "CT2": {
        "precision": 0.790957705396208,
        "recall": 0.8250507099391481,
        "f1-score": 0.807644576818069,
        "support": 1972.0
      },
      "CT3": {
        "precision": 0.6778523489932886,
        "recall": 0.8112449799196787,
        "f1-score": 0.7385740402193784,
        "support": 249.0
      },
      "CT4": {
        "precision": 0.3333333333333333,
        "recall": 0.0625,
        "f1-score": 0.10526315789473684,
        "support": 16.0
      },
      "CT5": {
        "precision": 0.8,
        "recall": 0.18181818181818182,
        "f1-score": 0.2962962962962963,
        "support": 66.0
      },
      "CT6": {
        "precision": 0.4214876033057851,
        "recall": 0.3893129770992366,
        "f1-score": 0.40476190476190477,
        "support": 131.0
      },
      "CT7": {
        "precision": 0.7412587412587412,
        "recall": 0.7464788732394366,
        "f1-score": 0.743859649122807,
        "support": 142.0
      },
      "accuracy": 0.75775,
      "macro avg": {
        "precision": 0.6460061529302659,
        "recall": 0.534446403305611,
        "f1-score": 0.548140127899455,
        "support": 4000.0
      },
      "weighted avg": {
        "precision": 0.7563367835493696,
        "recall": 0.75775,
        "f1-score": 0.7527648540053895,
        "support": 4000.0
      }
    }
  }
}