{
  "run_name": "part3_early_stop_p10_seed42",
  "seed": 42,
  "train_loss": [
    1.1449641006787619,
    0.7008336364428203,
    0.6577017151514689,
    0.6323554765383402,
    0.6131418735186259,
    0.5959708215395609,
    0.5803017965952555,
    0.5718614217440288,
    0.5564661898612976,
    0.546211949189504,
    0.536339030901591,
    0.5278090856870016,
    0.5237776274681092,
    0.5074904424349467,
    0.5015820530255636,
    0.4957732413609823,
    0.4882441353003184,
    0.47979241514205934,
    0.47447446711858116,
    0.468106915473938,
    0.462991170724233,
    0.4625559949080149,
    0.44761912115414937,
    0.4493389620780945,
    0.44232495268185934,
    0.43263943751653033,
    0.42939967958132425,
    0.4276472160021464,
    0.41920058647791547,
    0.4173630047639211,
    0.41363580044110615,
    0.40794314368565876,
    0.4023478020032247,
    0.39827982823054,
    0.3953696860472361,
    0.3910963639418284
  ],
  "val_loss": [
    0.7608255763053894,
    0.6804548106193542,
    0.6425402669906616,
    0.6344553880691528,
    0.611740665435791,
    0.5999840598106384,
    0.5948860116004944,
    0.5816827821731567,
    0.5792657303810119,
    0.5643695631027221,
    0.5633911786079406,
    0.5519849004745483,
    0.5519070920944213,
    0.542379620552063,
    0.5333666896820068,
    0.5345490159988403,
    0.5355134463310242,
    0.5265778894424439,
    0.5293717198371887,
    0.5289144706726074,
    0.5209934434890747,
    0.519540590763092,
    0.5162001247406006,
    0.5087132902145386,
    0.5127825889587402,
    0.5010976543426514,
    0.5117175278663635,
    0.5030127563476563,
    0.5121147489547729,
    0.504856194972992,
    0.5109005222320556,
    0.5117562465667724,
    0.5060230813026428,
    0.5035257277488708,
    0.5067163863182068,
    0.5091273183822632
  ],
  "grad_evals": [
    47,
    94,
    141,
    188,
    235,
    282,
    329,
    376,
    423,
    470,
    517,
    564,
    611,
    658,
    705,
    752,
    799,
    846,
    893,
    940,
    987,
    1034,
    1081,
    1128,
    1175,
    1222,
    1269,
    1316,
    1363,
    1410,
    1457,
    1504,
    1551,
    1598,
    1645,
    1692
  ],
  "wall_clock_s": [
    0.2176333469999463,
    0.6098764999999275,
    0.8242207280000002,
    1.0300193399998534,
    1.2375692159998835,
    1.4462725829998817,
    1.6601383219999661,
    1.8652739739998196,
    2.078815889999987,
    2.290186690999917,
    2.5158331309999085,
    2.739651612999978,
    2.9539266809999845,
    3.1769417399998474,
    3.40710838699988,
    3.636493289999862,
    3.856595096999854,
    4.067617665999933,
    4.274493428999904,
    4.65178772399986,
    4.860578820000001,
    5.071686912999894,
    5.291211627999928,
    5.503927506999844,
    5.716387607999877,
    5.928338377999808,
    6.15066465599989,
    6.356752289999804,
    6.562382355999944,
    6.7676833460000125,
    6.974810527999807,
    7.180017432999875,
    7.385062647999803,
    7.598928268000009,
    7.807697550999819,
    8.011595271999795
  ],
  "total_grad_evals": 1692,
  "best_val_loss": 0.5010976543426514,
  "n_epochs_run": 36,
  "test_metrics": {
    "accuracy": 0.775,
    "macro_f1": 0.6340660975803489,
    "balanced_acc": 0.6124433457732753,
    "confusion_matrix": [
      [
        1030,
        360,
        0,
        0,
        2,
        1,
        31
      ],
      [
        244,
        1689,
        14,
        0,
        12,
        13,
        0
      ],
      [
        0,
        33,
        193,
        5,
        0,
        18,
        0
      ],
      [
        0,
        0,
        6,
        7,
        0,
        3,
        0
      ],
      [
        4,
        35,
        2,
        0,
        24,
        1,
        0
      ],
      [
        0,
        21,
        65,
        2,
        0,
        43,
        0
      ],
      [
        26,
        2,
        0,
        0,
        0,
        0,
        114
      ]
    ],
    "per_class_report": {
      "CT1": {
        "precision": 0.7898773006134969,
        "recall": 0.723314606741573,
        "f1-score": 0.7551319648093842,
        "support": 1424.0
      },
      "CT2": {
        "precision": 0.7892523364485982,
        "recall": 0.8564908722109533,
        "f1-score": 0.8214980544747081,
        "support": 1972.0
      },
      "CT3": {
        "precision": 0.6892857142857143,
        "recall": 0.7751004016064257,
        "f1-score": 0.7296786389413988,
        "support": 249.0
      },
      "CT4": {
        "precision": 0.5,
        "recall": 0.4375,
        "f1-score": 0.4666666666666667,
        "support": 16.0
      },
      "CT5": {
        "precision": 0.631578947368421,
        "recall": 0.36363636363636365,
        "f1-score": 0.46153846153846156,
        "support": 66.0
      },
      "CT6": {
        "precision": 0.5443037974683544,
        "recall": 0.3282442748091603,
        "f1-score": 0.4095238095238095,
        "support": 131.0
      },
      "CT7": {
        "precision": 0.7862068965517242,
        "recall": 0.8028169014084507,
        "f1-score": 0.794425087108014,
        "support": 142.0
      },
      "accuracy": 0.775,
      "macro avg": {
        "precision": 0.6757864275337585,
        "recall": 0.6124433457732753,
        "f1-score": 0.6340660975803489,
        "support": 4000.0
      },
      "weighted avg": {
        "precision": 0.7713631034281033,
        "recall": 0.775,
        "f1-score": 0.7703440622385646,
        "support": 4000.0
      }
    }
  }
}