{
  "run_name": "part3_l2_1e-3_seed123",
  "seed": 123,
  "train_loss": [
    1.1121396066347757,
    0.7032921160062154,
    0.6530041502316792,
    0.6249097905158997,
    0.6069389904340108,
    0.5917390519777934,
    0.5761145445505778,
    0.5631378134091695,
    0.5535513033866882,
    0.5423491616249084,
    0.532183607896169,
    0.5283573861122132,
    0.5182001297473907,
    0.5069660846392313,
    0.5024925662676494,
    0.49197863896687827,
    0.48554365746180217,
    0.48429476459821064,
    0.4783882616360982,
    0.47011720609664914,
    0.46761229689915973,
    0.46367372139294943,
    0.45333418250083923,
    0.4518006930351257,
    0.4479838009675344,
    0.4386842777729034,
    0.4405958549976349,
    0.4336127835114797,
    0.43348071336746213,
    0.42441598971684774,
    0.42036703530947367,
    0.41683667262395224,
    0.41801348876953126,
    0.4080736973285675,
    0.4081554083029429,
    0.40390462104479474,
    0.3917309976418813,
    0.40112828683853147,
    0.39141308919588724,
    0.3878421147664388
  ],
  "val_loss": [
    0.7481276278495789,
    0.673241997718811,
    0.6435627584457397,
    0.6262773303985596,
    0.6077923135757446,
    0.5934415636062622,
    0.5776630983352661,
    0.5824713296890259,
    0.5710515341758728,
    0.5613243355751037,
    0.5620507183074951,
    0.5511561994552612,
    0.5465929656028747,
    0.5438455820083619,
    0.5370573177337646,
    0.5335195531845093,
    0.5322720441818237,
    0.5284120106697082,
    0.5284387602806091,
    0.5255734629631043,
    0.5246129980087281,
    0.5159627904891968,
    0.5217011728286743,
    0.5087587876319886,
    0.5095076293945312,
    0.5108138122558594,
    0.4976575117111206,
    0.502348051071167,
    0.519006238937378,
    0.5025925893783569,
    0.5108019423484802,
    0.51355375623703,
    0.5014970197677612,
    0.5067157807350159,
    0.5012602500915527,
    0.49351824426651003,
    0.5044183173179626,
    0.49797743368148806,
    0.48634670352935794,
    0.48518390417099
  ],
  "grad_evals": [
    47,
    94,
    141,
    188,
    235,
    282,
    329,
    376,
    423,
    470,
    517,
    564,
    611,
    658,
    705,
    752,
    799,
    846,
    893,
    940,
    987,
    1034,
    1081,
    1128,
    1175,
    1222,
    1269,
    1316,
    1363,
    1410,
    1457,
    1504,
    1551,
    1598,
    1645,
    1692,
    1739,
    1786,
    1833,
    1880
  ],
  "wall_clock_s": [
    0.21317130300008102,
    0.4272015169999577,
    0.6433783820000372,
    0.8557589720001033,
    1.0713431179999588,
    1.2796950809999998,
    1.4898792860001322,
    1.7022960710000916,
    1.9132319940001707,
    2.1202158640001016,
    2.4898682120001467,
    2.6992989940001735,
    2.920180524999978,
    3.1366318550001324,
    3.355359695000061,
    3.572523401000126,
    3.7899825169999986,
    4.004826976000004,
    4.218244631000061,
    4.434042665000106,
    4.653281258000106,
    4.864245082000025,
    5.073863953,
    5.287108988,
    5.504738032999967,
    5.721371748000138,
    5.939215883000088,
    6.1514058610000575,
    6.513647529000082,
    6.722887580000133,
    6.93941678300007,
    7.154669079000087,
    7.3679992200000015,
    7.590252060000012,
    7.806448978000162,
    8.025321276000113,
    8.236919943999965,
    8.447389703999988,
    8.66193933600016,
    8.884501655000122
  ],
  "total_grad_evals": 1880,
  "best_val_loss": 0.48518390417099,
  "n_epochs_run": 40,
  "test_metrics": {
    "accuracy": 0.786,
    "macro_f1": 0.5732060382988061,
    "balanced_acc": 0.5494641698816284,
    "confusion_matrix": [
      [
        1062,
        335,
        1,
        0,
        0,
        1,
        25
      ],
      [
        228,
        1705,
        22,
        0,
        3,
        14,
        0
      ],
      [
        0,
        21,
        202,
        1,
        0,
        25,
        0
      ],
      [
        0,
        0,
        13,
        1,
        0,
        2,
        0
      ],
      [
        3,
        45,
        2,
        0,
        13,
        3,
        0
      ],
      [
        0,
        21,
        55,
        2,
        0,
        53,
        0
      ],
      [
        29,
        5,
        0,
        0,
        0,
        0,
        108
      ]
    ],
    "per_class_report": {
      "CT1": {
        "precision": 0.8033282904689864,
        "recall": 0.7457865168539326,
        "f1-score": 0.7734887108521485,
        "support": 1424.0
      },
      "CT2": {
        "precision": 0.799718574108818,
        "recall": 0.8646044624746451,
        "f1-score": 0.830896686159844,
        "support": 1972.0
      },
      "CT3": {
        "precision": 0.6847457627118644,
        "recall": 0.8112449799196787,
        "f1-score": 0.7426470588235294,
        "support": 249.0
      },
      "CT4": {
        "precision": 0.25,
        "recall": 0.0625,
        "f1-score": 0.1,
        "support": 16.0
      },
      "CT5": {
        "precision": 0.8125,
        "recall": 0.19696969696969696,
        "f1-score": 0.3170731707317073,
        "support": 66.0
      },
      "CT6": {
        "precision": 0.5408163265306123,
        "recall": 0.40458015267175573,
        "f1-score": 0.462882096069869,
        "support": 131.0
      },
      "CT7": {
        "precision": 0.8120300751879699,
        "recall": 0.7605633802816901,
        "f1-score": 0.7854545454545454,
        "support": 142.0
      },
      "accuracy": 0.786,
      "macro avg": {
        "precision": 0.6718770041440358,
        "recall": 0.5494641698816284,
        "f1-score": 0.5732060382988061,
        "support": 4000.0
      },
      "weighted avg": {
        "precision": 0.7838166045344704,
        "recall": 0.786,
        "f1-score": 0.7798985590789305,
        "support": 4000.0
      }
    }
  }
}