{
  "run_name": "part2_adam_b1_zero_seed123",
  "seed": 123,
  "train_loss": [
    1.1387208790779113,
    0.7165007157325745,
    0.6629302614529927,
    0.6290032703081767,
    0.6150438865025838,
    0.593879211584727,
    0.5803865780830383,
    0.5708843960762023,
    0.5557810699144999,
    0.5480801616509755,
    0.5409883335431417,
    0.528671289841334,
    0.5223228866259257,
    0.5163483611742655,
    0.5100648312568664,
    0.49981798354784646,
    0.4957058291435242,
    0.4932659134864807,
    0.4822873667081197,
    0.47761936267217,
    0.47210320178667703,
    0.4694756741523743,
    0.46402689933776853,
    0.4558729275862376,
    0.44934227935473126,
    0.4467896850903829,
    0.4382861976623535,
    0.43653271277745564,
    0.43424511003494265,
    0.4323873419761658,
    0.4254350852966309,
    0.4235289696852366,
    0.4158340695699056,
    0.4161966850757599,
    0.41069596203168235,
    0.40344085049629214,
    0.40226949779192606,
    0.39975850224494935,
    0.39396368932723996,
    0.39004122122128804
  ],
  "val_loss": [
    0.7909717411994934,
    0.6811987209320068,
    0.6436458559036254,
    0.6297992486953735,
    0.6104824995994568,
    0.5958765940666199,
    0.5878186793327331,
    0.5716513948440551,
    0.5735634818077088,
    0.5663842115402221,
    0.5557424883842468,
    0.5496736617088318,
    0.5417489204406738,
    0.5376708607673645,
    0.5423872900009156,
    0.5378926939964295,
    0.5437059783935547,
    0.5251479578018189,
    0.5207392172813415,
    0.5226348099708558,
    0.515865375995636,
    0.5073789315223693,
    0.5177559404373169,
    0.5211025667190552,
    0.5225589075088501,
    0.5251755051612854,
    0.49863978576660156,
    0.5200641736984253,
    0.5153654675483703,
    0.5042008385658264,
    0.501621895313263,
    0.5105646119117737,
    0.5047400584220886,
    0.4988174223899841,
    0.5002413816452026,
    0.5063721823692322,
    0.5099603877067566,
    0.490225848197937,
    0.5020021195411682,
    0.49987202739715575
  ],
  "grad_evals": [
    47,
    94,
    141,
    188,
    235,
    282,
    329,
    376,
    423,
    470,
    517,
    564,
    611,
    658,
    705,
    752,
    799,
    846,
    893,
    940,
    987,
    1034,
    1081,
    1128,
    1175,
    1222,
    1269,
    1316,
    1363,
    1410,
    1457,
    1504,
    1551,
    1598,
    1645,
    1692,
    1739,
    1786,
    1833,
    1880
  ],
  "wall_clock_s": [
    0.21082420900006582,
    0.4151270470001691,
    0.6227024540000912,
    0.8321828530001767,
    1.0379732580001928,
    1.2474761410001065,
    1.4514796680000472,
    1.6526728810001714,
    1.8547999290001371,
    2.058570561000124,
    2.264371755000184,
    2.4727245840001615,
    2.690091693000113,
    2.9115315369999735,
    3.2867243220000546,
    3.497566185000096,
    3.70929867000018,
    3.9199279169999954,
    4.133571854000138,
    4.363208918000055,
    4.632912875000102,
    4.868297829000085,
    5.090546424000195,
    5.308181173000094,
    5.52525810200018,
    5.760972703000107,
    5.980534852000119,
    6.195770280000033,
    6.406360206000045,
    6.625970371999983,
    6.833080218000077,
    7.0401760120000745,
    7.420093135000116,
    7.627924677999999,
    7.856302014999983,
    8.081071257000076,
    8.290406515000086,
    8.494528815000194,
    8.701819327000067,
    8.906172095000102
  ],
  "total_grad_evals": 1880,
  "best_val_loss": 0.490225848197937,
  "n_epochs_run": 40,
  "test_metrics": {
    "accuracy": 0.78025,
    "macro_f1": 0.5956534921293669,
    "balanced_acc": 0.5652092008632488,
    "confusion_matrix": [
      [
        1089,
        313,
        0,
        0,
        3,
        1,
        18
      ],
      [
        279,
        1656,
        9,
        0,
        6,
        21,
        1
      ],
      [
        0,
        22,
        198,
        1,
        0,
        28,
        0
      ],
      [
        0,
        0,
        12,
        2,
        0,
        2,
        0
      ],
      [
        3,
        37,
        3,
        0,
        20,
        3,
        0
      ],
      [
        0,
        17,
        61,
        2,
        0,
        51,
        0
      ],
      [
        33,
        4,
        0,
        0,
        0,
        0,
        105
      ]
    ],
    "per_class_report": {
      "CT1": {
        "precision": 0.7756410256410257,
        "recall": 0.764747191011236,
        "f1-score": 0.7701555869872702,
        "support": 1424.0
      },
      "CT2": {
        "precision": 0.808199121522694,
        "recall": 0.8397565922920892,
        "f1-score": 0.8236757025615519,
        "support": 1972.0
      },
      "CT3": {
        "precision": 0.6996466431095406,
        "recall": 0.7951807228915663,
        "f1-score": 0.7443609022556391,
        "support": 249.0
      },
      "CT4": {
        "precision": 0.4,
        "recall": 0.125,
        "f1-score": 0.19047619047619047,
        "support": 16.0
      },
      "CT5": {
        "precision": 0.6896551724137931,
        "recall": 0.30303030303030304,
        "f1-score": 0.42105263157894735,
        "support": 66.0
      },
      "CT6": {
        "precision": 0.4811320754716981,
        "recall": 0.3893129770992366,
        "f1-score": 0.43037974683544306,
        "support": 131.0
      },
      "CT7": {
        "precision": 0.8467741935483871,
        "recall": 0.7394366197183099,
        "f1-score": 0.7894736842105263,
        "support": 142.0
      },
      "accuracy": 0.78025,
      "macro avg": {
        "precision": 0.6715783188153056,
        "recall": 0.5652092008632488,
        "f1-score": 0.5956534921293669,
        "support": 4000.0
      },
      "weighted avg": {
        "precision": 0.7769202452599556,
        "recall": 0.78025,
        "f1-score": 0.7764145021770186,
        "support": 4000.0
      }
    }
  }
}