{
  "run_name": "part2_adam_seed7",
  "seed": 7,
  "train_loss": [
    1.089352063814799,
    0.7056896656354268,
    0.6568688321113586,
    0.6314172085126241,
    0.609150989373525,
    0.5910390257835388,
    0.5809446306228637,
    0.5636088247299195,
    0.5536290176709493,
    0.5450966671307882,
    0.5374529047012329,
    0.5261493535041809,
    0.5170304808616638,
    0.5112647245724996,
    0.503104108095169,
    0.4955538371404012,
    0.48592417359352114,
    0.4791329282124837,
    0.4736084834734599,
    0.46622833236058553,
    0.46284860547383627,
    0.4555559093952179,
    0.4547859252293905,
    0.45008411653836566,
    0.44054461375872295,
    0.4384316666126251,
    0.42825156211853027,
    0.42145809372266135,
    0.42160639389355975,
    0.42132894253730774,
    0.4119672691822052,
    0.41367466568946837,
    0.40580922015508014,
    0.399113041639328,
    0.394737700064977,
    0.3877843543688456,
    0.38824564894040425,
    0.38327537329991657,
    0.37969878753026326,
    0.37569158792495727
  ],
  "val_loss": [
    0.7453781971931458,
    0.6703292355537415,
    0.6501093745231629,
    0.6251957969665527,
    0.6055071849822998,
    0.5981356749534606,
    0.5868808794021606,
    0.5792270326614379,
    0.5719896788597107,
    0.567446560382843,
    0.5557926278114319,
    0.5454162364006042,
    0.5443065719604492,
    0.5378569164276124,
    0.5453071002960205,
    0.5291272501945495,
    0.5248833284378052,
    0.5170265111923218,
    0.5247330102920532,
    0.5112788643836975,
    0.5118213396072387,
    0.5110889253616333,
    0.518071331501007,
    0.5075506258010865,
    0.5019999828338623,
    0.5075377488136291,
    0.5021123208999634,
    0.49591124486923216,
    0.5051449608802795,
    0.5031576590538025,
    0.4982576632499695,
    0.4958373618125915,
    0.5016161060333252,
    0.49827592706680296,
    0.48705608224868774,
    0.49394908380508423,
    0.4909758677482605,
    0.49682767295837404,
    0.4872143740653992,
    0.48457405710220336
  ],
  "grad_evals": [
    47,
    94,
    141,
    188,
    235,
    282,
    329,
    376,
    423,
    470,
    517,
    564,
    611,
    658,
    705,
    752,
    799,
    846,
    893,
    940,
    987,
    1034,
    1081,
    1128,
    1175,
    1222,
    1269,
    1316,
    1363,
    1410,
    1457,
    1504,
    1551,
    1598,
    1645,
    1692,
    1739,
    1786,
    1833,
    1880
  ],
  "wall_clock_s": [
    0.20576301300002342,
    0.5726052110001092,
    0.7836237830001664,
    0.9935509210001783,
    1.205969707000122,
    1.4182910910001283,
    1.6239917570001126,
    1.826713540000128,
    2.0358989590001784,
    2.2419194550000157,
    2.4559432130001824,
    2.6627696600000945,
    2.871343343000035,
    3.0828071810001347,
    3.2863882020001256,
    3.496582376000106,
    3.7066504550000445,
    3.9227659660000427,
    4.288665604000016,
    4.496932387000015,
    4.700384979000091,
    4.920532226000205,
    5.129402734000223,
    5.343012934000171,
    5.555932324000196,
    5.7605503750000935,
    5.966551632000119,
    6.17092113800004,
    6.374233701000094,
    6.58989013900009,
    6.8153546000000915,
    7.039584067000078,
    7.2717973630001325,
    7.501315642999998,
    7.721208572000023,
    7.93146670200008,
    8.306177264000098,
    8.526009183000042,
    8.738494464000041,
    8.951932772000191
  ],
  "total_grad_evals": 1880,
  "best_val_loss": 0.48457405710220336,
  "n_epochs_run": 40,
  "test_metrics": {
    "accuracy": 0.78425,
    "macro_f1": 0.6318812499945627,
    "balanced_acc": 0.6081607469852416,
    "confusion_matrix": [
      [
        1087,
        307,
        0,
        0,
        3,
        1,
        26
      ],
      [
        261,
        1667,
        19,
        0,
        10,
        15,
        0
      ],
      [
        0,
        17,
        202,
        3,
        0,
        27,
        0
      ],
      [
        0,
        0,
        6,
        7,
        0,
        3,
        0
      ],
      [
        5,
        38,
        4,
        0,
        18,
        1,
        0
      ],
      [
        1,
        15,
        65,
        2,
        0,
        48,
        0
      ],
      [
        33,
        1,
        0,
        0,
        0,
        0,
        108
      ]
    ],
    "per_class_report": {
      "CT1": {
        "precision": 0.7837058399423216,
        "recall": 0.7633426966292135,
        "f1-score": 0.7733902525791533,
        "support": 1424.0
      },
      "CT2": {
        "precision": 0.8151589242053789,
        "recall": 0.8453346855983773,
        "f1-score": 0.8299726163803833,
        "support": 1972.0
      },
      "CT3": {
        "precision": 0.6824324324324325,
        "recall": 0.8112449799196787,
        "f1-score": 0.7412844036697248,
        "support": 249.0
      },
      "CT4": {
        "precision": 0.5833333333333334,
        "recall": 0.4375,
        "f1-score": 0.5,
        "support": 16.0
      },
      "CT5": {
        "precision": 0.5806451612903226,
        "recall": 0.2727272727272727,
        "f1-score": 0.3711340206185567,
        "support": 66.0
      },
      "CT6": {
        "precision": 0.5052631578947369,
        "recall": 0.366412213740458,
        "f1-score": 0.4247787610619469,
        "support": 131.0
      },
      "CT7": {
        "precision": 0.8059701492537313,
        "recall": 0.7605633802816901,
        "f1-score": 0.782608695652174,
        "support": 142.0
      },
      "accuracy": 0.78425,
      "macro avg": {
        "precision": 0.6795012854788939,
        "recall": 0.6081607469852416,
        "f1-score": 0.6318812499945627,
        "support": 4000.0
      },
      "weighted avg": {
        "precision": 0.780427334785821,
        "recall": 0.78425,
        "f1-score": 0.780466208382785,
        "support": 4000.0
      }
    }
  }
}