{
  "run_name": "part2_sgd_no_momentum_seed123",
  "seed": 123,
  "train_loss": [
    1.1223540034294128,
    0.7930577670733134,
    0.73736355082194,
    0.7064891613324483,
    0.6903456778526306,
    0.6710343186060588,
    0.6613201537132263,
    0.6506274892489116,
    0.64323459593455,
    0.6369315236409505,
    0.6278217960993449,
    0.6226130709648132,
    0.6163508812586467,
    0.61045628007253,
    0.6066622586250305,
    0.5997861032485962,
    0.5966386281649272,
    0.5921199514071147,
    0.5893194397290548,
    0.5822515316009521,
    0.5813771370251973,
    0.5756346607208251,
    0.5717422661781311,
    0.5695209738413493,
    0.5632570657730103,
    0.5606191199620565,
    0.5589867898623149,
    0.5549891270001729,
    0.5522572016716003,
    0.5473300178845724,
    0.5454508280754089,
    0.5435946594874064,
    0.537338363011678,
    0.5370054610570272,
    0.5342078181902568,
    0.5311099821726482,
    0.5293511522610982,
    0.526357861995697,
    0.5221064124107361,
    0.5208327385584514
  ],
  "val_loss": [
    0.849616672039032,
    0.7546654582023621,
    0.7187134094238281,
    0.6923958220481873,
    0.6775130162239075,
    0.665623288154602,
    0.6576757698059083,
    0.648309335231781,
    0.6403750290870667,
    0.635927396774292,
    0.6307570190429688,
    0.6251668310165406,
    0.6218938546180726,
    0.6182962770462036,
    0.6118849525451661,
    0.608647705078125,
    0.6035138721466065,
    0.600693401813507,
    0.5985317726135254,
    0.593669132232666,
    0.5912059717178345,
    0.5880171341896057,
    0.5893452768325805,
    0.5834428219795227,
    0.5812980947494507,
    0.5786273918151855,
    0.5772216391563415,
    0.5748275074958801,
    0.571054880142212,
    0.5690666799545288,
    0.5693619074821472,
    0.5654255828857422,
    0.5661032667160034,
    0.5640285634994506,
    0.5607159404754639,
    0.5557768864631653,
    0.5530472712516785,
    0.5548963990211487,
    0.5492499933242798,
    0.5493871278762817
  ],
  "grad_evals": [
    47,
    94,
    141,
    188,
    235,
    282,
    329,
    376,
    423,
    470,
    517,
    564,
    611,
    658,
    705,
    752,
    799,
    846,
    893,
    940,
    987,
    1034,
    1081,
    1128,
    1175,
    1222,
    1269,
    1316,
    1363,
    1410,
    1457,
    1504,
    1551,
    1598,
    1645,
    1692,
    1739,
    1786,
    1833,
    1880
  ],
  "wall_clock_s": [
    0.18928647999996429,
    0.38033935799990104,
    0.5721079410000129,
    0.762697727999921,
    0.9524672770000961,
    1.1414627219999147,
    1.32358697199993,
    1.5105687779998789,
    1.7067615430000842,
    1.910247335999884,
    2.1049053649999223,
    2.4566181329998926,
    2.6437799089999316,
    2.832042400000091,
    3.0147686489999614,
    3.2013441260000945,
    3.3860215239999434,
    3.5843852890000107,
    3.8077665040000284,
    4.012629513000093,
    4.213303976999896,
    4.420121622999886,
    4.617375177999975,
    4.8125040780000745,
    5.006801585999938,
    5.208206824999934,
    5.416994527000043,
    5.620974024999896,
    5.9893171639998855,
    6.182462817999976,
    6.382494898999994,
    6.579108672000075,
    6.775265611999885,
    6.961774378999962,
    7.158505362999904,
    7.349688188000073,
    7.536104197999975,
    7.728882496000097,
    7.914869739000096,
    8.104174521000004
  ],
  "total_grad_evals": 1880,
  "best_val_loss": 0.5492499933242798,
  "n_epochs_run": 40,
  "test_metrics": {
    "accuracy": 0.75025,
    "macro_f1": 0.5405641969881703,
    "balanced_acc": 0.5126930032658245,
    "confusion_matrix": [
      [
        1033,
        363,
        1,
        0,
        0,
        1,
        26
      ],
      [
        314,
        1629,
        17,
        0,
        1,
        11,
        0
      ],
      [
        0,
        27,
        197,
        3,
        0,
        22,
        0
      ],
      [
        0,
        0,
        9,
        3,
        0,
        4,
        0
      ],
      [
        2,
        54,
        2,
        0,
        7,
        1,
        0
      ],
      [
        0,
        22,
        68,
        2,
        0,
        39,
        0
      ],
      [
        47,
        2,
        0,
        0,
        0,
        0,
        93
      ]
    ],
    "per_class_report": {
      "CT1": {
        "precision": 0.7399713467048711,
        "recall": 0.7254213483146067,
        "f1-score": 0.7326241134751773,
        "support": 1424.0
      },
      "CT2": {
        "precision": 0.776824034334764,
        "recall": 0.8260649087221096,
        "f1-score": 0.8006881297616122,
        "support": 1972.0
      },
      "CT3": {
        "precision": 0.6700680272108843,
        "recall": 0.7911646586345381,
        "f1-score": 0.7255985267034991,
        "support": 249.0
      },
      "CT4": {
        "precision": 0.375,
        "recall": 0.1875,
        "f1-score": 0.25,
        "support": 16.0
      },
      "CT5": {
        "precision": 0.875,
        "recall": 0.10606060606060606,
        "f1-score": 0.1891891891891892,
        "support": 66.0
      },
      "CT6": {
        "precision": 0.5,
        "recall": 0.29770992366412213,
        "f1-score": 0.37320574162679426,
        "support": 131.0
      },
      "CT7": {
        "precision": 0.7815126050420168,
        "recall": 0.6549295774647887,
        "f1-score": 0.7126436781609196,
        "support": 142.0
      },
      "accuracy": 0.75025,
      "macro avg": {
        "precision": 0.674053716184648,
        "recall": 0.5126930032658245,
        "f1-score": 0.5405641969881703,
        "support": 4000.0
      },
      "weighted avg": {
        "precision": 0.748171980526842,
        "recall": 0.75025,
        "f1-score": 0.7423649008915427,
        "support": 4000.0
      }
    }
  }
}