{
  "run_name": "part2_adamw_seed7",
  "seed": 7,
  "train_loss": [
    1.0936343846321106,
    0.7082949895858764,
    0.6612446444829305,
    0.6323093075752259,
    0.6102208887736003,
    0.5973667368888855,
    0.5787784330050151,
    0.5668551607131957,
    0.5562130810419719,
    0.5460786584218343,
    0.5356987921396891,
    0.5280039259592693,
    0.516631069501241,
    0.5132145590782166,
    0.501941763162613,
    0.49666325974464415,
    0.4920176562468211,
    0.4801958244641622,
    0.47914297048250837,
    0.4721036242643992,
    0.4665620679060618,
    0.4570725835164388,
    0.45178098487854,
    0.4524973895549774,
    0.44247825479507447,
    0.4386561261018117,
    0.43330236490567525,
    0.42830474162101745,
    0.4230058868726095,
    0.4152226585547129,
    0.41247340909639996,
    0.4134251869519552,
    0.41196838569641114,
    0.3985893806616465,
    0.39773154282569884,
    0.3933621508280436,
    0.3850522709687551,
    0.3875186053911845,
    0.3828739865620931,
    0.3784580739339193
  ],
  "val_loss": [
    0.7475730714797973,
    0.673032193183899,
    0.6533802609443664,
    0.6261731400489807,
    0.6090606536865234,
    0.5965950808525086,
    0.588095555305481,
    0.5790802974700928,
    0.5704531569480896,
    0.5631437654495239,
    0.5603751711845398,
    0.5472228555679322,
    0.5516771550178527,
    0.538550952911377,
    0.5329877514839172,
    0.5382754321098328,
    0.5236905126571655,
    0.5231288976669312,
    0.5219409174919128,
    0.5201794848442077,
    0.5093561487197876,
    0.5053768949508667,
    0.514040774345398,
    0.5096265134811402,
    0.5143905863761902,
    0.5037585272789001,
    0.4964278008937836,
    0.49959909296035765,
    0.4976822075843811,
    0.5029453058242798,
    0.49854064083099364,
    0.4938046078681946,
    0.5052182173728943,
    0.49666862726211547,
    0.4853741960525513,
    0.4918412375450134,
    0.4923971471786499,
    0.48825055837631226,
    0.4889628658294678,
    0.4967954626083374
  ],
  "grad_evals": [
    47,
    94,
    141,
    188,
    235,
    282,
    329,
    376,
    423,
    470,
    517,
    564,
    611,
    658,
    705,
    752,
    799,
    846,
    893,
    940,
    987,
    1034,
    1081,
    1128,
    1175,
    1222,
    1269,
    1316,
    1363,
    1410,
    1457,
    1504,
    1551,
    1598,
    1645,
    1692,
    1739,
    1786,
    1833,
    1880
  ],
  "wall_clock_s": [
    0.20401271599985193,
    0.41502678699998796,
    0.6210758539998551,
    0.8306364169998233,
    1.0409812809998584,
    1.2491620349999266,
    1.473901923999847,
    1.688640765999935,
    1.9000877280000168,
    2.115269873999978,
    2.324036797999952,
    2.5289949979999164,
    2.73790844999985,
    3.113125828999955,
    3.318847834999815,
    3.523962931999904,
    3.7402393039999424,
    3.947993894999854,
    4.162458377999883,
    4.368481026999916,
    4.579291641999816,
    4.784707456999968,
    4.996367538999948,
    5.205422508999845,
    5.421828348999952,
    5.627125064999973,
    5.832924983999874,
    6.044371708999961,
    6.250278154999933,
    6.456872324999949,
    6.663760940999964,
    7.044874132999894,
    7.256013988999939,
    7.469992288999947,
    7.6820800839998356,
    7.900523941999836,
    8.106893991999868,
    8.311077509999905,
    8.515577209999947,
    8.726455323999971
  ],
  "total_grad_evals": 1880,
  "best_val_loss": 0.4853741960525513,
  "n_epochs_run": 40,
  "test_metrics": {
    "accuracy": 0.78425,
    "macro_f1": 0.6245006118834818,
    "balanced_acc": 0.5968593325111732,
    "confusion_matrix": [
      [
        1063,
        341,
        0,
        0,
        1,
        1,
        18
      ],
      [
        225,
        1703,
        17,
        0,
        7,
        20,
        0
      ],
      [
        1,
        20,
        198,
        5,
        0,
        25,
        0
      ],
      [
        0,
        0,
        6,
        7,
        0,
        3,
        0
      ],
      [
        4,
        41,
        3,
        0,
        17,
        1,
        0
      ],
      [
        0,
        15,
        66,
        2,
        0,
        48,
        0
      ],
      [
        39,
        2,
        0,
        0,
        0,
        0,
        101
      ]
    ],
    "per_class_report": {
      "CT1": {
        "precision": 0.7980480480480481,
        "recall": 0.7464887640449438,
        "f1-score": 0.7714078374455733,
        "support": 1424.0
      },
      "CT2": {
        "precision": 0.8025447690857681,
        "recall": 0.8635902636916836,
        "f1-score": 0.8319491939423547,
        "support": 1972.0
      },
      "CT3": {
        "precision": 0.6827586206896552,
        "recall": 0.7951807228915663,
        "f1-score": 0.7346938775510204,
        "support": 249.0
      },
      "CT4": {
        "precision": 0.5,
        "recall": 0.4375,
        "f1-score": 0.4666666666666667,
        "support": 16.0
      },
      "CT5": {
        "precision": 0.68,
        "recall": 0.25757575757575757,
        "f1-score": 0.37362637362637363,
        "support": 66.0
      },
      "CT6": {
        "precision": 0.4897959183673469,
        "recall": 0.366412213740458,
        "f1-score": 0.4192139737991266,
        "support": 131.0
      },
      "CT7": {
        "precision": 0.8487394957983193,
        "recall": 0.7112676056338029,
        "f1-score": 0.7739463601532567,
        "support": 142.0
      },
      "accuracy": 0.78425,
      "macro avg": {
        "precision": 0.6859838359984483,
        "recall": 0.5968593325111732,
        "f1-score": 0.6245006118834818,
        "support": 4000.0
      },
      "weighted avg": {
        "precision": 0.7816524688296909,
        "recall": 0.78425,
        "f1-score": 0.77974269188062,
        "support": 4000.0
      }
    }
  }
}