{
  "run_name": "part3_adam_baseline_seed123",
  "seed": 123,
  "train_loss": [
    1.1116137164433797,
    0.7038512202898661,
    0.6547205707232158,
    0.627834712823232,
    0.6109237445195516,
    0.5917676010131836,
    0.5760090624491374,
    0.5647028805414835,
    0.5547729552586873,
    0.5382954773902893,
    0.5331028208732606,
    0.5238209080696106,
    0.5175124988555908,
    0.5079435343742371,
    0.5021625870863596,
    0.49548797686894736,
    0.4869872185389201,
    0.47914424029986064,
    0.4766139415105184,
    0.46880476172765095,
    0.46138260324796043,
    0.45604444479942324,
    0.45187031602859495,
    0.4466950078805288,
    0.4422041017214457,
    0.4330551540851593,
    0.43357885042826333,
    0.4281191519896189,
    0.4241136244138082,
    0.42001291712125144,
    0.41382664489746096,
    0.4086059145927429,
    0.40568443020184836,
    0.4032219224770864,
    0.4022666490872701,
    0.39457928959528604,
    0.39255394927660625,
    0.3899309360186259,
    0.3827469188372294,
    0.37834253613154095
  ],
  "val_loss": [
    0.7528050198554993,
    0.6724785747528076,
    0.6432125172615051,
    0.624670006275177,
    0.6075767030715943,
    0.5975984449386597,
    0.5877989649772644,
    0.5771814904212952,
    0.5702654433250427,
    0.5582235445976257,
    0.559384494304657,
    0.5490439128875733,
    0.5466502637863159,
    0.5387723073959351,
    0.533884418964386,
    0.5348299703598023,
    0.5259379291534424,
    0.5230289592742919,
    0.5169621782302857,
    0.5265478234291077,
    0.5252928562164306,
    0.5110065240859986,
    0.5151867609024048,
    0.5183011426925659,
    0.5077478837966919,
    0.5154520421028137,
    0.507999834060669,
    0.4995641016960144,
    0.5096551861763,
    0.5057877745628357,
    0.5043987245559692,
    0.49727893161773684,
    0.500264961719513,
    0.4981554527282715,
    0.49722847890853883,
    0.5038422675132751,
    0.5113713941574096,
    0.490062463760376,
    0.4939618721008301,
    0.4984150476455688
  ],
  "grad_evals": [
    47,
    94,
    141,
    188,
    235,
    282,
    329,
    376,
    423,
    470,
    517,
    564,
    611,
    658,
    705,
    752,
    799,
    846,
    893,
    940,
    987,
    1034,
    1081,
    1128,
    1175,
    1222,
    1269,
    1316,
    1363,
    1410,
    1457,
    1504,
    1551,
    1598,
    1645,
    1692,
    1739,
    1786,
    1833,
    1880
  ],
  "wall_clock_s": [
    0.20555583899999874,
    0.4102936120000322,
    0.7891332490000877,
    1.005710105999924,
    1.2221863190000022,
    1.4415768970000045,
    1.6578681450000659,
    1.8715088970000124,
    2.089614782999888,
    2.3095383960001072,
    2.5635306169999694,
    2.774691404999885,
    2.9914351739998892,
    3.1957669119999537,
    3.4041697010000007,
    3.6112858619999315,
    3.8245118120000825,
    4.036226455999895,
    4.243194818999882,
    4.451691976999882,
    4.818255678000014,
    5.021641345000035,
    5.232341485000006,
    5.437299396000071,
    5.642823549000013,
    5.850581749999947,
    6.058437018999939,
    6.269110878999982,
    6.480426501000011,
    6.683588564000047,
    6.897302274999902,
    7.100647581999965,
    7.304110314999889,
    7.515374801999997,
    7.723334687000033,
    7.933021843000006,
    8.138785883000082,
    8.355056280000099,
    8.735908524000024,
    8.940861381000104
  ],
  "total_grad_evals": 1880,
  "best_val_loss": 0.490062463760376,
  "n_epochs_run": 40,
  "test_metrics": {
    "accuracy": 0.78125,
    "macro_f1": 0.6107203363892536,
    "balanced_acc": 0.5773002921177536,
    "confusion_matrix": [
      [
        1034,
        362,
        0,
        0,
        1,
        1,
        26
      ],
      [
        221,
        1714,
        12,
        0,
        7,
        18,
        0
      ],
      [
        0,
        27,
        193,
        2,
        0,
        27,
        0
      ],
      [
        0,
        0,
        11,
        3,
        0,
        2,
        0
      ],
      [
        1,
        39,
        2,
        0,
        22,
        2,
        0
      ],
      [
        0,
        17,
        62,
        1,
        0,
        51,
        0
      ],
      [
        31,
        3,
        0,
        0,
        0,
        0,
        108
      ]
    ],
    "per_class_report": {
      "CT1": {
        "precision": 0.8034188034188035,
        "recall": 0.726123595505618,
        "f1-score": 0.7628181482847658,
        "support": 1424.0
      },
      "CT2": {
        "precision": 0.7927844588344126,
        "recall": 0.8691683569979716,
        "f1-score": 0.8292210933720368,
        "support": 1972.0
      },
      "CT3": {
        "precision": 0.6892857142857143,
        "recall": 0.7751004016064257,
        "f1-score": 0.7296786389413988,
        "support": 249.0
      },
      "CT4": {
        "precision": 0.5,
        "recall": 0.1875,
        "f1-score": 0.2727272727272727,
        "support": 16.0
      },
      "CT5": {
        "precision": 0.7333333333333333,
        "recall": 0.3333333333333333,
        "f1-score": 0.4583333333333333,
        "support": 66.0
      },
      "CT6": {
        "precision": 0.504950495049505,
        "recall": 0.3893129770992366,
        "f1-score": 0.4396551724137931,
        "support": 131.0
      },
      "CT7": {
        "precision": 0.8059701492537313,
        "recall": 0.7605633802816901,
        "f1-score": 0.782608695652174,
        "support": 142.0
      },
      "accuracy": 0.78125,
      "macro avg": {
        "precision": 0.6899632791679287,
        "recall": 0.5773002921177536,
        "f1-score": 0.6107203363892536,
        "support": 4000.0
      },
      "weighted avg": {
        "precision": 0.779016936948124,
        "recall": 0.78125,
        "f1-score": 0.7766264797790058,
        "support": 4000.0
      }
    }
  }
}