{
  "run_name": "part3_input_noise_0.05_seed42",
  "seed": 42,
  "train_loss": [
    1.1324806825319926,
    0.709221226533254,
    0.6592893473307292,
    0.6318046890894572,
    0.6185492029190064,
    0.5963427227338155,
    0.584857337474823,
    0.5728714601198832,
    0.5592208018302918,
    0.5484002617200215,
    0.5396037861506144,
    0.5323640368779501,
    0.5218155987262726,
    0.5164919937451681,
    0.5084495005607605,
    0.5031548794110616,
    0.49242462889353433,
    0.48985540914535525,
    0.4830953358014425,
    0.47789151811599734,
    0.47192298316955567,
    0.460335481484731,
    0.4632504064242045,
    0.45528928740819297,
    0.4538899432818095,
    0.45149268356959027,
    0.4420942374865214,
    0.4375443433125814,
    0.43460493357976276,
    0.42516077287991844,
    0.42131740419069924,
    0.42080238858858743,
    0.417234681447347,
    0.41177835170427957,
    0.41029178539911904,
    0.40714634823799134,
    0.40413876962661743,
    0.4017569930553436,
    0.39466675821940106,
    0.39563630175590514
  ],
  "val_loss": [
    0.747261157989502,
    0.6743750839233399,
    0.6459672131538391,
    0.6286281137466431,
    0.6098205990791321,
    0.6175757083892822,
    0.5913583559989929,
    0.584511308670044,
    0.5824215836524963,
    0.5652861971855163,
    0.5710283675193787,
    0.5529369730949402,
    0.5575063157081604,
    0.5500106739997864,
    0.544090964794159,
    0.5453222122192383,
    0.5313819227218628,
    0.5241314644813537,
    0.5351874628067017,
    0.5169344515800476,
    0.5236104516983032,
    0.5193641471862793,
    0.5210148758888244,
    0.5166563167572021,
    0.5186315069198608,
    0.5101392798423767,
    0.5053293118476868,
    0.5165702166557312,
    0.5066985187530517,
    0.49836642599105835,
    0.5062798910140991,
    0.5060630693435669,
    0.508294310092926,
    0.49989148855209353,
    0.5183671855926514,
    0.517600131034851,
    0.5034527254104614,
    0.4966212363243103,
    0.5057109885215759,
    0.49568973064422606
  ],
  "grad_evals": [
    47,
    94,
    141,
    188,
    235,
    282,
    329,
    376,
    423,
    470,
    517,
    564,
    611,
    658,
    705,
    752,
    799,
    846,
    893,
    940,
    987,
    1034,
    1081,
    1128,
    1175,
    1222,
    1269,
    1316,
    1363,
    1410,
    1457,
    1504,
    1551,
    1598,
    1645,
    1692,
    1739,
    1786,
    1833,
    1880
  ],
  "wall_clock_s": [
    0.2275216589998763,
    0.44700885699990067,
    0.8516468689999783,
    1.074157335999871,
    1.2920029279998744,
    1.5189695550000124,
    1.761863872000049,
    2.0118075589998625,
    2.2270453159999306,
    2.4622403339999437,
    2.677205580999953,
    2.895911303000048,
    3.1500769219999256,
    3.3953906120000283,
    3.625166500999967,
    3.83901858299987,
    4.059138245999975,
    4.27264447399989,
    4.4894969819999915,
    4.701216589000069,
    5.111791626000013,
    5.339284279999902,
    5.563016356999924,
    5.776804878999883,
    5.987112637999871,
    6.197849046999863,
    6.432078530999888,
    6.655104942999969,
    6.87805957899991,
    7.108477755999957,
    7.332077648999984,
    7.5456964439999865,
    7.760020093999856,
    7.976762606999955,
    8.186911790000067,
    8.397719877999862,
    8.613945285,
    8.84567025199999,
    9.242046948000052,
    9.453244402999871
  ],
  "total_grad_evals": 1880,
  "best_val_loss": 0.49568973064422606,
  "n_epochs_run": 40,
  "test_metrics": {
    "accuracy": 0.783,
    "macro_f1": 0.6368545575600969,
    "balanced_acc": 0.6169057694165428,
    "confusion_matrix": [
      [
        1071,
        317,
        0,
        0,
        2,
        1,
        33
      ],
      [
        252,
        1664,
        16,
        0,
        12,
        26,
        2
      ],
      [
        1,
        12,
        194,
        1,
        1,
        40,
        0
      ],
      [
        0,
        0,
        8,
        5,
        0,
        3,
        0
      ],
      [
        3,
        33,
        3,
        0,
        25,
        2,
        0
      ],
      [
        0,
        17,
        55,
        2,
        0,
        57,
        0
      ],
      [
        25,
        1,
        0,
        0,
        0,
        0,
        116
      ]
    ],
    "per_class_report": {
      "CT1": {
        "precision": 0.7921597633136095,
        "recall": 0.7521067415730337,
        "f1-score": 0.771613832853026,
        "support": 1424.0
      },
      "CT2": {
        "precision": 0.8140900195694716,
        "recall": 0.8438133874239351,
        "f1-score": 0.8286852589641435,
        "support": 1972.0
      },
      "CT3": {
        "precision": 0.7028985507246377,
        "recall": 0.7791164658634538,
        "f1-score": 0.7390476190476191,
        "support": 249.0
      },
      "CT4": {
        "precision": 0.625,
        "recall": 0.3125,
        "f1-score": 0.4166666666666667,
        "support": 16.0
      },
      "CT5": {
        "precision": 0.625,
        "recall": 0.3787878787878788,
        "f1-score": 0.4716981132075472,
        "support": 66.0
      },
      "CT6": {
        "precision": 0.4418604651162791,
        "recall": 0.4351145038167939,
        "f1-score": 0.43846153846153846,
        "support": 131.0
      },
      "CT7": {
        "precision": 0.7682119205298014,
        "recall": 0.8169014084507042,
        "f1-score": 0.7918088737201365,
        "support": 142.0
      },
      "accuracy": 0.783,
      "macro avg": {
        "precision": 0.6813172456076856,
        "recall": 0.6169057694165428,
        "f1-score": 0.6368545575600969,
        "support": 4000.0
      },
      "weighted avg": {
        "precision": 0.7816656435813691,
        "recall": 0.783,
        "f1-score": 0.7811605873869856,
        "support": 4000.0
      }
    }
  }
}