{
  "run_name": "part2_sgd_momentum_seed7",
  "seed": 7,
  "train_loss": [
    0.9260947329203287,
    0.6727733926773072,
    0.6387011974652608,
    0.6183267849286397,
    0.595388458887736,
    0.5858879539171855,
    0.5683599842389425,
    0.5654112469355266,
    0.5495433491071066,
    0.5359553108215332,
    0.5271586450735728,
    0.5183466574350993,
    0.518198550860087,
    0.5024379039605459,
    0.5026325523058573,
    0.488404743830363,
    0.4856302960713704,
    0.47730082559585574,
    0.47688715664545694,
    0.468030251344045,
    0.4605356819629669,
    0.45306939411163333,
    0.45251779349644977,
    0.44049386461575823,
    0.4377813232739766,
    0.4370080450375875,
    0.4326570598284403,
    0.4255412262280782,
    0.41853188157081606,
    0.4197827593485514,
    0.4158875241279602,
    0.40908874130249023,
    0.40119787708918253,
    0.40060916209220887,
    0.39703418707847593,
    0.39249718912442527,
    0.3887845800717672,
    0.37866262141863505,
    0.37571194815635683,
    0.3744697364966075
  ],
  "val_loss": [
    0.690977068901062,
    0.658685115814209,
    0.6159051637649536,
    0.5989293494224548,
    0.5943704476356506,
    0.5891744556427002,
    0.5807248315811158,
    0.5838613400459289,
    0.5632571926116944,
    0.5708274984359741,
    0.5463313879966736,
    0.5513821439743042,
    0.5552570743560791,
    0.5457891755104065,
    0.5525568895339966,
    0.5312187700271607,
    0.5268193454742431,
    0.5345342350006104,
    0.5213371243476868,
    0.5315795683860779,
    0.5356229467391967,
    0.5272523345947265,
    0.5187157545089721,
    0.5263143048286438,
    0.5271778535842896,
    0.5004926824569702,
    0.5123944926261902,
    0.502031865119934,
    0.5160774469375611,
    0.5105039463043213,
    0.5161633825302124,
    0.5089283394813537,
    0.5226314482688904,
    0.5156647267341614,
    0.519133487701416,
    0.5129834213256836,
    0.5116953825950623,
    0.49396123123168945,
    0.5009699964523315,
    0.5096366806030274
  ],
  "grad_evals": [
    47,
    94,
    141,
    188,
    235,
    282,
    329,
    376,
    423,
    470,
    517,
    564,
    611,
    658,
    705,
    752,
    799,
    846,
    893,
    940,
    987,
    1034,
    1081,
    1128,
    1175,
    1222,
    1269,
    1316,
    1363,
    1410,
    1457,
    1504,
    1551,
    1598,
    1645,
    1692,
    1739,
    1786,
    1833,
    1880
  ],
  "wall_clock_s": [
    0.19390268400002242,
    0.3815967699999874,
    0.5706411930000286,
    0.7547017409999626,
    0.9408445550000124,
    1.127605949999861,
    1.3229666349998297,
    1.5147453790000327,
    1.7037325300000248,
    1.8964340229999834,
    2.2486113309998927,
    2.4336548559999756,
    2.619467041000007,
    2.803447937999863,
    2.9972221900000022,
    3.185806565999883,
    3.3725592949999736,
    3.5683042839998507,
    3.764451304999966,
    3.9541592579998905,
    4.143782173999853,
    4.33236120499987,
    4.519786371999999,
    4.7065749179998875,
    4.896569130999978,
    5.083090401999925,
    5.275460136999982,
    5.46362960700003,
    5.82038251899985,
    6.013188248000006,
    6.203565801999957,
    6.405766932999995,
    6.596844180999824,
    6.787368239999978,
    6.9774527489998945,
    7.16766574799999,
    7.357193545999962,
    7.551068675999886,
    7.74891469399995,
    7.943399133999947
  ],
  "total_grad_evals": 1880,
  "best_val_loss": 0.49396123123168945,
  "n_epochs_run": 40,
  "test_metrics": {
    "accuracy": 0.79025,
    "macro_f1": 0.6379623548416654,
    "balanced_acc": 0.6032609684405836,
    "confusion_matrix": [
      [
        1091,
        314,
        0,
        0,
        1,
        1,
        17
      ],
      [
        227,
        1694,
        22,
        0,
        4,
        25,
        0
      ],
      [
        0,
        12,
        189,
        1,
        0,
        47,
        0
      ],
      [
        0,
        0,
        6,
        6,
        0,
        4,
        0
      ],
      [
        3,
        38,
        2,
        0,
        19,
        4,
        0
      ],
      [
        0,
        13,
        57,
        2,
        0,
        59,
        0
      ],
      [
        38,
        1,
        0,
        0,
        0,
        0,
        103
      ]
    ],
    "per_class_report": {
      "CT1": {
        "precision": 0.8027961736571008,
        "recall": 0.7661516853932584,
        "f1-score": 0.7840459935321595,
        "support": 1424.0
      },
      "CT2": {
        "precision": 0.8175675675675675,
        "recall": 0.859026369168357,
        "f1-score": 0.837784371909001,
        "support": 1972.0
      },
      "CT3": {
        "precision": 0.6847826086956522,
        "recall": 0.7590361445783133,
        "f1-score": 0.72,
        "support": 249.0
      },
      "CT4": {
        "precision": 0.6666666666666666,
        "recall": 0.375,
        "f1-score": 0.48,
        "support": 16.0
      },
      "CT5": {
        "precision": 0.7916666666666666,
        "recall": 0.2878787878787879,
        "f1-score": 0.4222222222222222,
        "support": 66.0
      },
      "CT6": {
        "precision": 0.42142857142857143,
        "recall": 0.45038167938931295,
        "f1-score": 0.4354243542435424,
        "support": 131.0
      },
      "CT7": {
        "precision": 0.8583333333333333,
        "recall": 0.7253521126760564,
        "f1-score": 0.7862595419847328,
        "support": 142.0
      },
      "accuracy": 0.79025,
      "macro avg": {
        "precision": 0.7204630840022226,
        "recall": 0.6032609684405836,
        "f1-score": 0.6379623548416654,
        "support": 4000.0
      },
      "weighted avg": {
        "precision": 0.7914857517383288,
        "recall": 0.79025,
        "f1-score": 0.7880270970571869,
        "support": 4000.0
      }
    }
  }
}