{
  "run_name": "part3_best_combo_seed42",
  "seed": 42,
  "train_loss": [
    1.4923641494115194,
    1.0983729406992595,
    1.0610052310625713,
    1.03924436155955,
    1.0247273750305175,
    1.0070874970753987,
    0.9966860933303833,
    0.9847774899800619,
    0.979330639521281,
    0.9734077968597412,
    0.9656589361826579,
    0.9629150355656941,
    0.9619349298477173,
    0.9563594306310018,
    0.9481530478795369,
    0.9468599252700806,
    0.9404588394165039,
    0.9376908391316732,
    0.9361427996953329,
    0.9313410902023316,
    0.9266846392949423,
    0.9229496339162191,
    0.9199653498331706,
    0.9170473713874817,
    0.9190428930918376,
    0.9148791983922323,
    0.9117606544494629,
    0.9095905769666036,
    0.906319223721822,
    0.9051869306564331,
    0.9034515765508015,
    0.895997304280599,
    0.894580398718516,
    0.8957067149480183,
    0.8918298716545106,
    0.8886576261520386,
    0.8890338784853618,
    0.8864905045827229,
    0.8812168375651042,
    0.8826994506518046
  ],
  "val_loss": [
    1.0413057832717896,
    0.9883858699798584,
    0.970625729560852,
    0.9612861061096192,
    0.9516263809204102,
    0.9467411861419678,
    0.9404255676269532,
    0.9349794874191284,
    0.9292777080535889,
    0.9268863725662232,
    0.92081529712677,
    0.9182891368865966,
    0.9163180184364319,
    0.9137458992004395,
    0.9141527004241944,
    0.9085537724494934,
    0.9069598817825317,
    0.9047029576301575,
    0.9028759965896607,
    0.9005363130569458,
    0.901259931564331,
    0.8951364545822144,
    0.8947693758010864,
    0.8918721866607666,
    0.8912652425765991,
    0.8873655834197998,
    0.8879220724105835,
    0.8843883805274964,
    0.8816423244476318,
    0.8822918896675109,
    0.8813811435699462,
    0.8783967695236206,
    0.8768991594314575,
    0.8740704708099365,
    0.870919156074524,
    0.8700576372146607,
    0.8701396236419677,
    0.8658351359367371,
    0.8669997549057007,
    0.8643961124420166
  ],
  "grad_evals": [
    47,
    94,
    141,
    188,
    235,
    282,
    329,
    376,
    423,
    470,
    517,
    564,
    611,
    658,
    705,
    752,
    799,
    846,
    893,
    940,
    987,
    1034,
    1081,
    1128,
    1175,
    1222,
    1269,
    1316,
    1363,
    1410,
    1457,
    1504,
    1551,
    1598,
    1645,
    1692,
    1739,
    1786,
    1833,
    1880
  ],
  "wall_clock_s": [
    0.29841216799991344,
    0.5944751739998537,
    0.8812836729998708,
    1.1909891430000243,
    1.4810511250000218,
    1.7834246379998149,
    2.2501904879998165,
    2.549207266999929,
    2.8540465469998253,
    3.1627582239998446,
    3.4627937870000096,
    3.7504921849999846,
    4.0598096109999915,
    4.352163455999971,
    4.6379035689999455,
    4.927559830999826,
    5.229520288000003,
    5.548634280999977,
    5.857932914000003,
    6.160861557999851,
    6.467032052999912,
    6.778351523999845,
    7.098301374999892,
    7.423679177999929,
    7.914143551999814,
    8.229361515999926,
    8.53261822699983,
    8.838025960999857,
    9.157940647000032,
    9.464935107999963,
    9.782748566999999,
    10.078992539999945,
    10.369811906999985,
    10.671626802999981,
    10.963742969999885,
    11.260042542999827,
    11.554237794999835,
    11.853159546999905,
    12.147312664999845,
    12.448795545999928
  ],
  "total_grad_evals": 1880,
  "best_val_loss": 0.8643961124420166,
  "n_epochs_run": 40,
  "test_metrics": {
    "accuracy": 0.76,
    "macro_f1": 0.5331760617959056,
    "balanced_acc": 0.5152072210694041,
    "confusion_matrix": [
      [
        1081,
        316,
        0,
        0,
        0,
        1,
        26
      ],
      [
        312,
        1608,
        22,
        0,
        1,
        28,
        1
      ],
      [
        0,
        15,
        197,
        1,
        0,
        36,
        0
      ],
      [
        0,
        0,
        10,
        1,
        0,
        5,
        0
      ],
      [
        2,
        50,
        3,
        0,
        9,
        2,
        0
      ],
      [
        0,
        18,
        65,
        1,
        0,
        47,
        0
      ],
      [
        44,
        1,
        0,
        0,
        0,
        0,
        97
      ]
    ],
    "per_class_report": {
      "CT1": {
        "precision": 0.7512161223071577,
        "recall": 0.7591292134831461,
        "f1-score": 0.7551519385260217,
        "support": 1424.0
      },
      "CT2": {
        "precision": 0.8007968127490039,
        "recall": 0.8154158215010142,
        "f1-score": 0.8080402010050252,
        "support": 1972.0
      },
      "CT3": {
        "precision": 0.6632996632996633,
        "recall": 0.7911646586345381,
        "f1-score": 0.7216117216117216,
        "support": 249.0
      },
      "CT4": {
        "precision": 0.3333333333333333,
        "recall": 0.0625,
        "f1-score": 0.10526315789473684,
        "support": 16.0
      },
      "CT5": {
        "precision": 0.9,
        "recall": 0.13636363636363635,
        "f1-score": 0.23684210526315788,
        "support": 66.0
      },
      "CT6": {
        "precision": 0.3949579831932773,
        "recall": 0.35877862595419846,
        "f1-score": 0.376,
        "support": 131.0
      },
      "CT7": {
        "precision": 0.782258064516129,
        "recall": 0.6830985915492958,
        "f1-score": 0.7293233082706767,
        "support": 142.0
      },
      "accuracy": 0.76,
      "macro avg": {
        "precision": 0.6608374256283663,
        "recall": 0.5152072210694041,
        "f1-score": 0.5331760617959056,
        "support": 4000.0
      },
      "weighted avg": {
        "precision": 0.7604045408402469,
        "recall": 0.76,
        "f1-score": 0.7546521636931008,
        "support": 4000.0
      }
    }
  }
}