{
  "run_name": "part3_input_noise_0.05_seed123",
  "seed": 123,
  "train_loss": [
    1.113212515672048,
    0.7050041225751241,
    0.6591419666608175,
    0.6329652636845906,
    0.6092373617490132,
    0.5951198727289836,
    0.5841192070643108,
    0.5678822857538859,
    0.5587817940711975,
    0.5474056391716003,
    0.537392705043157,
    0.5267273581822713,
    0.5203399076461792,
    0.5161400008996327,
    0.504845232963562,
    0.4987705790201823,
    0.4909494323730469,
    0.48881791591644286,
    0.48033555563290914,
    0.47619639031092326,
    0.47195259428024294,
    0.46760179471969604,
    0.45866565203666687,
    0.4566391124725342,
    0.4489658177693685,
    0.44877217785517376,
    0.44107455118497213,
    0.4321733265717824,
    0.43302104489008586,
    0.42973141368230183,
    0.4249551688035329,
    0.41884141095479327,
    0.41474045570691426,
    0.409402126789093,
    0.40680919647216796,
    0.4042461984157562,
    0.4019347654978434,
    0.3976973048845927,
    0.3968041775226593,
    0.39117587701479595
  ],
  "val_loss": [
    0.7482245478630066,
    0.6694174580574036,
    0.6345045022964477,
    0.6281370196342468,
    0.6081420788764954,
    0.5999544711112976,
    0.5886990365982055,
    0.5869018335342407,
    0.5632891607284546,
    0.5627772741317749,
    0.5498719935417176,
    0.5469714422225952,
    0.5484182820320129,
    0.5343137898445129,
    0.5330512337684631,
    0.5305086889266968,
    0.5308377857208252,
    0.5273270769119263,
    0.5242659840583801,
    0.50666663646698,
    0.5249715633392334,
    0.5156821517944336,
    0.5126340036392212,
    0.5119547266960144,
    0.5053233432769776,
    0.5065112323760986,
    0.503109628200531,
    0.5030462827682495,
    0.5057987847328186,
    0.5106564140319825,
    0.5082307686805725,
    0.5012325038909912,
    0.48726993846893313,
    0.4950814542770386,
    0.5022427806854248,
    0.495652871131897,
    0.49068961811065676,
    0.49938474655151366,
    0.49408407163619994,
    0.4923319478034973
  ],
  "grad_evals": [
    47,
    94,
    141,
    188,
    235,
    282,
    329,
    376,
    423,
    470,
    517,
    564,
    611,
    658,
    705,
    752,
    799,
    846,
    893,
    940,
    987,
    1034,
    1081,
    1128,
    1175,
    1222,
    1269,
    1316,
    1363,
    1410,
    1457,
    1504,
    1551,
    1598,
    1645,
    1692,
    1739,
    1786,
    1833,
    1880
  ],
  "wall_clock_s": [
    0.21672978699984924,
    0.42991250000000036,
    0.6454345130000547,
    0.8597166170000037,
    1.0813728509999692,
    1.3101646879999862,
    1.5325108729998647,
    1.7499418439999772,
    1.9675022189999254,
    2.1889680899998893,
    2.4174145009999393,
    2.675598510999862,
    2.902177049999864,
    3.1251782150000054,
    3.3566866520000076,
    3.5914678709998498,
    3.9847293099999206,
    4.201605961000041,
    4.411685065000029,
    4.620703658999901,
    4.834484260999943,
    5.046259921000001,
    5.265089511000042,
    5.4809032690000095,
    5.6964722610000535,
    5.912273481000057,
    6.126963915000033,
    6.360670332999916,
    6.578931431000001,
    6.790454296999997,
    7.006915314000025,
    7.218973111999958,
    7.430438559999857,
    7.825317433000009,
    8.043719185999862,
    8.255320050999899,
    8.467574712999976,
    8.684434869999905,
    8.899694287999864,
    9.107494094000003
  ],
  "total_grad_evals": 1880,
  "best_val_loss": 0.48726993846893313,
  "n_epochs_run": 40,
  "test_metrics": {
    "accuracy": 0.7845,
    "macro_f1": 0.6315856520883546,
    "balanced_acc": 0.6231344560729972,
    "confusion_matrix": [
      [
        1099,
        295,
        0,
        0,
        0,
        1,
        29
      ],
      [
        282,
        1650,
        15,
        0,
        5,
        16,
        4
      ],
      [
        0,
        18,
        207,
        5,
        0,
        19,
        0
      ],
      [
        0,
        0,
        5,
        9,
        0,
        2,
        0
      ],
      [
        3,
        45,
        2,
        0,
        14,
        2,
        0
      ],
      [
        0,
        18,
        60,
        5,
        1,
        47,
        0
      ],
      [
        28,
        2,
        0,
        0,
        0,
        0,
        112
      ]
    ],
    "per_class_report": {
      "CT1": {
        "precision": 0.7783286118980169,
        "recall": 0.7717696629213483,
        "f1-score": 0.7750352609308886,
        "support": 1424.0
      },
      "CT2": {
        "precision": 0.8136094674556213,
        "recall": 0.8367139959432048,
        "f1-score": 0.825,
        "support": 1972.0
      },
      "CT3": {
        "precision": 0.7162629757785467,
        "recall": 0.8313253012048193,
        "f1-score": 0.7695167286245354,
        "support": 249.0
      },
      "CT4": {
        "precision": 0.47368421052631576,
        "recall": 0.5625,
        "f1-score": 0.5142857142857142,
        "support": 16.0
      },
      "CT5": {
        "precision": 0.7,
        "recall": 0.21212121212121213,
        "f1-score": 0.32558139534883723,
        "support": 66.0
      },
      "CT6": {
        "precision": 0.5402298850574713,
        "recall": 0.35877862595419846,
        "f1-score": 0.43119266055045874,
        "support": 131.0
      },
      "CT7": {
        "precision": 0.7724137931034483,
        "recall": 0.7887323943661971,
        "f1-score": 0.7804878048780488,
        "support": 142.0
      },
      "accuracy": 0.7845,
      "macro avg": {
        "precision": 0.6849327062599171,
        "recall": 0.6231344560729972,
        "f1-score": 0.6315856520883546,
        "support": 4000.0
      },
      "weighted avg": {
        "precision": 0.7813397787664398,
        "recall": 0.7845,
        "f1-score": 0.7797980818348706,
        "support": 4000.0
      }
    }
  }
}