{
  "run_name": "part3_adam_baseline_seed7",
  "seed": 7,
  "train_loss": [
    1.085077209154765,
    0.7099447164535523,
    0.6579744954109192,
    0.6317294990221659,
    0.608406244913737,
    0.5915772649447123,
    0.5801978273391724,
    0.5677004396120707,
    0.5553370483716329,
    0.5429376314481099,
    0.5317642521858216,
    0.5290902477900187,
    0.52183651415507,
    0.5107893336613973,
    0.5032017412185669,
    0.49426167567571005,
    0.485927605787913,
    0.4824139049847921,
    0.4780069633324941,
    0.4684771742026011,
    0.4632225522994995,
    0.4574614512125651,
    0.4532833786805471,
    0.44306528043746946,
    0.43883527811368306,
    0.4349772783120473,
    0.43004690289497377,
    0.4287027564843496,
    0.4235510783195496,
    0.41790099676450093,
    0.4107127762635549,
    0.4078242839972178,
    0.4012051730155945,
    0.39730449358622233,
    0.3956391055583954,
    0.39705029940605163,
    0.3850439814726512,
    0.38583285856246946,
    0.3798170807361603,
    0.3796950798034668
  ],
  "val_loss": [
    0.7501302380561828,
    0.6746221075057983,
    0.6427464780807495,
    0.6234218192100525,
    0.606544898033142,
    0.5994780550003052,
    0.584988043308258,
    0.5770056886672974,
    0.5713268589973449,
    0.5666635694503784,
    0.5480223698616028,
    0.5551164770126342,
    0.5522275476455688,
    0.5418608713150025,
    0.5438156518936157,
    0.5291638855934143,
    0.5312627992630005,
    0.5355210151672364,
    0.5221117787361145,
    0.5240694723129272,
    0.5164513807296753,
    0.5187877435684204,
    0.514845332145691,
    0.5072948541641236,
    0.5018812742233276,
    0.5053075156211853,
    0.5026139240264893,
    0.49427242660522464,
    0.4923586945533752,
    0.4989552297592163,
    0.49992158126831054,
    0.4915653381347656,
    0.4971655941009521,
    0.48685197687149045,
    0.4988670196533203,
    0.5007209973335266,
    0.4900290822982788,
    0.49703248500823977,
    0.4894714436531067,
    0.494622585773468
  ],
  "grad_evals": [
    47,
    94,
    141,
    188,
    235,
    282,
    329,
    376,
    423,
    470,
    517,
    564,
    611,
    658,
    705,
    752,
    799,
    846,
    893,
    940,
    987,
    1034,
    1081,
    1128,
    1175,
    1222,
    1269,
    1316,
    1363,
    1410,
    1457,
    1504,
    1551,
    1598,
    1645,
    1692,
    1739,
    1786,
    1833,
    1880
  ],
  "wall_clock_s": [
    0.21034401699989758,
    0.4159946479999235,
    0.6235029130000385,
    0.8336232520000522,
    1.0431376980000096,
    1.247405370000024,
    1.45712464799999,
    1.6637364979999347,
    1.8705219639998631,
    2.085675315999879,
    2.293274958999973,
    2.5114382299998397,
    2.7342844999998306,
    2.947729514999992,
    3.162817688999894,
    3.3750747469998714,
    3.7601314080000066,
    3.9730832909999663,
    4.179088644999865,
    4.3982306430000335,
    4.606168797000009,
    4.821891170999834,
    5.038417786999844,
    5.244983084999831,
    5.457654419999926,
    5.66316020499994,
    5.8749228369999855,
    6.090736519999837,
    6.303924732000041,
    6.5150620790000175,
    6.72192671699986,
    6.939599343000054,
    7.147700643999997,
    7.361378037999884,
    7.751273063999861,
    7.962325218999922,
    8.167909239999972,
    8.375506030999986,
    8.591507514999876,
    8.798033265999948
  ],
  "total_grad_evals": 1880,
  "best_val_loss": 0.48685197687149045,
  "n_epochs_run": 40,
  "test_metrics": {
    "accuracy": 0.77725,
    "macro_f1": 0.6135480184495387,
    "balanced_acc": 0.5837871804427825,
    "confusion_matrix": [
      [
        1054,
        331,
        0,
        0,
        1,
        1,
        37
      ],
      [
        257,
        1681,
        15,
        0,
        5,
        13,
        1
      ],
      [
        0,
        25,
        204,
        1,
        0,
        19,
        0
      ],
      [
        0,
        0,
        7,
        6,
        0,
        3,
        0
      ],
      [
        3,
        45,
        2,
        0,
        15,
        1,
        0
      ],
      [
        0,
        24,
        65,
        2,
        1,
        39,
        0
      ],
      [
        28,
        4,
        0,
        0,
        0,
        0,
        110
      ]
    ],
    "per_class_report": {
      "CT1": {
        "precision": 0.7853949329359166,
        "recall": 0.7401685393258427,
        "f1-score": 0.7621113521330442,
        "support": 1424.0
      },
      "CT2": {
        "precision": 0.7966824644549763,
        "recall": 0.8524340770791075,
        "f1-score": 0.8236158745712886,
        "support": 1972.0
      },
      "CT3": {
        "precision": 0.6962457337883959,
        "recall": 0.8192771084337349,
        "f1-score": 0.7527675276752768,
        "support": 249.0
      },
      "CT4": {
        "precision": 0.6666666666666666,
        "recall": 0.375,
        "f1-score": 0.48,
        "support": 16.0
      },
      "CT5": {
        "precision": 0.6818181818181818,
        "recall": 0.22727272727272727,
        "f1-score": 0.3409090909090909,
        "support": 66.0
      },
      "CT6": {
        "precision": 0.5131578947368421,
        "recall": 0.29770992366412213,
        "f1-score": 0.37681159420289856,
        "support": 131.0
      },
      "CT7": {
        "precision": 0.7432432432432432,
        "recall": 0.7746478873239436,
        "f1-score": 0.7586206896551724,
        "support": 142.0
      },
      "accuracy": 0.77725,
      "macro avg": {
        "precision": 0.6976013025206032,
        "recall": 0.5837871804427825,
        "f1-score": 0.6135480184495387,
        "support": 4000.0
      },
      "weighted avg": {
        "precision": 0.7728140708842506,
        "recall": 0.77725,
        "f1-score": 0.7710306603136984,
        "support": 4000.0
      }
    }
  }
}