{
  "run_name": "part2_sgd_momentum_seed42",
  "seed": 42,
  "train_loss": [
    0.925817193031311,
    0.675339431921641,
    0.63293403784434,
    0.6158572726249695,
    0.5940926033655802,
    0.5790608178774516,
    0.5662063670158386,
    0.558107194741567,
    0.5471987970670065,
    0.5390453430811564,
    0.5252121526400249,
    0.5121474563280741,
    0.5125871376991272,
    0.5064037373065948,
    0.49392525760332745,
    0.48836770963668824,
    0.48691772715250653,
    0.4783556712468465,
    0.4665382924079895,
    0.4588224220275879,
    0.45213388363520307,
    0.4503457876046499,
    0.4493618528842926,
    0.4407223783334096,
    0.43920532790819805,
    0.4317171924908956,
    0.4198790715535482,
    0.41582172592480976,
    0.4164948167006175,
    0.4205285585721334,
    0.40654381418228147,
    0.39993430145581566,
    0.393886386235555,
    0.3939866416454315,
    0.38788727776209514,
    0.37954323887825014,
    0.3793317114512126,
    0.3721235253810883,
    0.36031745131810505,
    0.3654061394532522
  ],
  "val_loss": [
    0.6902731518745422,
    0.6486945428848266,
    0.6327765593528748,
    0.6084825010299683,
    0.6059682054519653,
    0.5951408538818359,
    0.5824535932540894,
    0.5711761050224304,
    0.5738457045555114,
    0.5522654905319214,
    0.5584053874015809,
    0.5489588241577148,
    0.5480240721702576,
    0.535156105518341,
    0.5476592173576355,
    0.5428352928161622,
    0.518700478553772,
    0.5322647366523743,
    0.5125213861465454,
    0.532002516746521,
    0.5169844698905944,
    0.5218536887168884,
    0.5261426000595093,
    0.5174190607070923,
    0.5364498724937439,
    0.5230312728881836,
    0.517776062965393,
    0.5291899638175964,
    0.5507993993759155,
    0.5130903387069702,
    0.5076940279006958,
    0.5135799822807312,
    0.5066702508926392,
    0.5103245573043823,
    0.5214056706428528,
    0.5055768527984619,
    0.5257156648635865,
    0.5160956816673279,
    0.5116382093429566,
    0.5126175203323364
  ],
  "grad_evals": [
    47,
    94,
    141,
    188,
    235,
    282,
    329,
    376,
    423,
    470,
    517,
    564,
    611,
    658,
    705,
    752,
    799,
    846,
    893,
    940,
    987,
    1034,
    1081,
    1128,
    1175,
    1222,
    1269,
    1316,
    1363,
    1410,
    1457,
    1504,
    1551,
    1598,
    1645,
    1692,
    1739,
    1786,
    1833,
    1880
  ],
  "wall_clock_s": [
    0.21568589399998928,
    0.5777192939999622,
    0.7673425159998715,
    0.9579897950000031,
    1.1567652859998816,
    1.3531514429998879,
    1.5548997460000464,
    1.7515376809999452,
    1.94998813899997,
    2.14430564700001,
    2.332136602999981,
    2.5247753300000113,
    2.7144184730000234,
    2.904109027000004,
    3.101007708999987,
    3.288688759000024,
    3.478963629999953,
    3.6649840830000358,
    3.8583692689999225,
    4.213375824999957,
    4.412116177999906,
    4.602874472999929,
    4.794899804999886,
    4.99013851299992,
    5.176713108000058,
    5.3668356579999,
    5.565225344000055,
    5.75207758800002,
    5.944720218999919,
    6.139146896000057,
    6.335309827999936,
    6.529366879000008,
    6.7201770110000325,
    6.913261999000042,
    7.102987268999868,
    7.288700121999909,
    7.483163627000067,
    7.845472521999909,
    8.038256070999978,
    8.229321741999911
  ],
  "total_grad_evals": 1880,
  "best_val_loss": 0.5055768527984619,
  "n_epochs_run": 40,
  "test_metrics": {
    "accuracy": 0.78275,
    "macro_f1": 0.643331418670274,
    "balanced_acc": 0.6285500520175722,
    "confusion_matrix": [
      [
        1096,
        295,
        0,
        0,
        1,
        1,
        31
      ],
      [
        267,
        1662,
        16,
        0,
        7,
        17,
        3
      ],
      [
        0,
        20,
        176,
        5,
        0,
        48,
        0
      ],
      [
        0,
        0,
        4,
        9,
        0,
        3,
        0
      ],
      [
        4,
        37,
        3,
        0,
        20,
        2,
        0
      ],
      [
        0,
        20,
        55,
        2,
        0,
        54,
        0
      ],
      [
        27,
        1,
        0,
        0,
        0,
        0,
        114
      ]
    ],
    "per_class_report": {
      "CT1": {
        "precision": 0.7862266857962698,
        "recall": 0.7696629213483146,
        "f1-score": 0.7778566359119943,
        "support": 1424.0
      },
      "CT2": {
        "precision": 0.8167076167076167,
        "recall": 0.8427991886409736,
        "f1-score": 0.8295482904916396,
        "support": 1972.0
      },
      "CT3": {
        "precision": 0.6929133858267716,
        "recall": 0.7068273092369478,
        "f1-score": 0.6998011928429424,
        "support": 249.0
      },
      "CT4": {
        "precision": 0.5625,
        "recall": 0.5625,
        "f1-score": 0.5625,
        "support": 16.0
      },
      "CT5": {
        "precision": 0.7142857142857143,
        "recall": 0.30303030303030304,
        "f1-score": 0.425531914893617,
        "support": 66.0
      },
      "CT6": {
        "precision": 0.432,
        "recall": 0.4122137404580153,
        "f1-score": 0.421875,
        "support": 131.0
      },
      "CT7": {
        "precision": 0.7702702702702703,
        "recall": 0.8028169014084507,
        "f1-score": 0.7862068965517242,
        "support": 142.0
      },
      "accuracy": 0.78275,
      "macro avg": {
        "precision": 0.6821290961266632,
        "recall": 0.6285500520175722,
        "f1-score": 0.643331418670274,
        "support": 4000.0
      },
      "weighted avg": {
        "precision": 0.7811957223283525,
        "recall": 0.78275,
        "f1-score": 0.7804449215248522,
        "support": 4000.0
      }
    }
  }
}