{
  "run_name": "part3_early_stop_p10_seed123",
  "seed": 123,
  "train_loss": [
    1.11565292374293,
    0.702314702351888,
    0.6556036607424418,
    0.6306028642654419,
    0.6077999939918518,
    0.5917360359827677,
    0.5773122388521831,
    0.5655657626787821,
    0.5553070766131083,
    0.5456245654424031,
    0.5314987071355184,
    0.5211813249588013,
    0.514392974058787,
    0.5105668605168661,
    0.5047733373641968,
    0.49427633078893024,
    0.49206681140263875,
    0.47985613067944843,
    0.47480978186925255,
    0.46754980731010437,
    0.46344518041610716,
    0.4602868135770162,
    0.4519033638636271,
    0.4456297987302144,
    0.4403764845530192,
    0.43591454911231997,
    0.43483308084805805,
    0.4303767840862274,
    0.42444178517659503,
    0.4245172803401947,
    0.40956928197542825,
    0.4097506430149078,
    0.4097624368667602,
    0.40342698025703433,
    0.397349126180013,
    0.38846671732266747,
    0.39002947449684144,
    0.38450030859311424,
    0.3834036411444346,
    0.3831677807966868
  ],
  "val_loss": [
    0.7533413000106811,
    0.6675539684295654,
    0.6404239139556884,
    0.6269717650413513,
    0.6168416299819947,
    0.5950347046852111,
    0.5879061222076416,
    0.5767041301727295,
    0.5698250703811646,
    0.5585727753639221,
    0.553328773021698,
    0.5482755665779113,
    0.5431208171844483,
    0.5387235178947448,
    0.537546778678894,
    0.5366644377708435,
    0.5339343295097351,
    0.5269160275459289,
    0.5213908858299255,
    0.5225858945846558,
    0.5200433316230774,
    0.5132642292976379,
    0.5190593557357788,
    0.5157613606452942,
    0.5113914847373963,
    0.5021486992835998,
    0.5032176280021667,
    0.4981072444915772,
    0.5048759565353393,
    0.49569800758361815,
    0.4927694869041443,
    0.5002016139030456,
    0.49862716007232666,
    0.4937961783409119,
    0.49091089963912965,
    0.48893666553497317,
    0.4905605738162994,
    0.49516245555877686,
    0.5013691892623902,
    0.494934280872345
  ],
  "grad_evals": [
    47,
    94,
    141,
    188,
    235,
    282,
    329,
    376,
    423,
    470,
    517,
    564,
    611,
    658,
    705,
    752,
    799,
    846,
    893,
    940,
    987,
    1034,
    1081,
    1128,
    1175,
    1222,
    1269,
    1316,
    1363,
    1410,
    1457,
    1504,
    1551,
    1598,
    1645,
    1692,
    1739,
    1786,
    1833,
    1880
  ],
  "wall_clock_s": [
    0.2111793320000288,
    0.5784757589999572,
    0.7820120139999744,
    0.9841755439999815,
    1.1891158040000391,
    1.3910875870001291,
    1.593747626000095,
    1.801593518000118,
    2.003458299000158,
    2.2131117589999576,
    2.416216057000156,
    2.622098305999998,
    2.8276756860000205,
    3.0345568679999815,
    3.2391795240000647,
    3.4525599610001336,
    3.653473649000034,
    3.8559323090000817,
    4.211469972000032,
    4.415113719000146,
    4.622905256999957,
    4.826552401000072,
    5.035155001000021,
    5.238568656000098,
    5.43986537700016,
    5.646833631000163,
    5.850734495000097,
    6.050633614000162,
    6.253055920000179,
    6.456608318999997,
    6.661380723000093,
    6.863886447000141,
    7.064435489000061,
    7.268593974000169,
    7.476887703000102,
    7.684512381000104,
    8.066257215000178,
    8.274018009999963,
    8.480495838000024,
    8.68621545200017
  ],
  "total_grad_evals": 1880,
  "best_val_loss": 0.48893666553497317,
  "n_epochs_run": 40,
  "test_metrics": {
    "accuracy": 0.7815,
    "macro_f1": 0.628199485129667,
    "balanced_acc": 0.6032536085286895,
    "confusion_matrix": [
      [
        1090,
        303,
        0,
        0,
        0,
        1,
        30
      ],
      [
        276,
        1651,
        17,
        0,
        4,
        23,
        1
      ],
      [
        0,
        16,
        192,
        2,
        0,
        39,
        0
      ],
      [
        0,
        0,
        7,
        6,
        0,
        3,
        0
      ],
      [
        2,
        44,
        3,
        0,
        15,
        2,
        0
      ],
      [
        0,
        15,
        54,
        2,
        0,
        60,
        0
      ],
      [
        27,
        3,
        0,
        0,
        0,
        0,
        112
      ]
    ],
    "per_class_report": {
      "CT1": {
        "precision": 0.7813620071684588,
        "recall": 0.7654494382022472,
        "f1-score": 0.773323873714083,
        "support": 1424.0
      },
      "CT2": {
        "precision": 0.8125,
        "recall": 0.8372210953346856,
        "f1-score": 0.8246753246753247,
        "support": 1972.0
      },
      "CT3": {
        "precision": 0.7032967032967034,
        "recall": 0.7710843373493976,
        "f1-score": 0.735632183908046,
        "support": 249.0
      },
      "CT4": {
        "precision": 0.6,
        "recall": 0.375,
        "f1-score": 0.46153846153846156,
        "support": 16.0
      },
      "CT5": {
        "precision": 0.7894736842105263,
        "recall": 0.22727272727272727,
        "f1-score": 0.35294117647058826,
        "support": 66.0
      },
      "CT6": {
        "precision": 0.46875,
        "recall": 0.4580152671755725,
        "f1-score": 0.46332046332046334,
        "support": 131.0
      },
      "CT7": {
        "precision": 0.7832167832167832,
        "recall": 0.7887323943661971,
        "f1-score": 0.7859649122807018,
        "support": 142.0
      },
      "accuracy": 0.7815,
      "macro avg": {
        "precision": 0.7055141682703532,
        "recall": 0.6032536085286895,
        "f1-score": 0.628199485129667,
        "support": 4000.0
      },
      "weighted avg": {
        "precision": 0.7810896684258606,
        "recall": 0.7815,
        "f1-score": 0.778406520373053,
        "support": 4000.0
      }
    }
  }
}