{
  "run_name": "part3_input_noise_0.05_seed7",
  "seed": 7,
  "train_loss": [
    1.1011083181699117,
    0.7097687109311421,
    0.6605441126823425,
    0.6339021312395732,
    0.6117375504175822,
    0.5961345480283101,
    0.5830254411697388,
    0.5732931234041849,
    0.5593889683087667,
    0.5490303716659546,
    0.5392270832061767,
    0.5373447875976562,
    0.5214263849258423,
    0.5108933281898499,
    0.5112765635649363,
    0.50303764184316,
    0.49458473054567975,
    0.4872902860641479,
    0.4847778148651123,
    0.4783469701608022,
    0.4784358760515849,
    0.4670611081123352,
    0.46176206270853676,
    0.457395844856898,
    0.4504542555809021,
    0.44859168243408204,
    0.43578702998161317,
    0.43392050282160444,
    0.42777214352289833,
    0.42564066958427427,
    0.42243481532732646,
    0.42112314677238466,
    0.41949370948473613,
    0.4124372177124023,
    0.41095507129033404,
    0.4058048148949941,
    0.3991160247325897,
    0.3945748903751373,
    0.3899066513379415,
    0.3925671204725901
  ],
  "val_loss": [
    0.7501591863632202,
    0.6761330804824829,
    0.6435030550956726,
    0.6248954820632935,
    0.6171317930221558,
    0.5965256123542786,
    0.58602468252182,
    0.5704182996749878,
    0.5691802763938903,
    0.5640433988571167,
    0.5573316855430603,
    0.5522810039520264,
    0.5453202686309815,
    0.5498281507492065,
    0.5425213618278504,
    0.5254087147712707,
    0.5278475570678711,
    0.5233593893051147,
    0.5231169557571411,
    0.5179063949584961,
    0.5166732263565064,
    0.5181242356300354,
    0.5166319828033448,
    0.506354962348938,
    0.5062184000015258,
    0.5011648244857788,
    0.5048209538459778,
    0.500059067249298,
    0.49998252725601194,
    0.4973995895385742,
    0.4989357705116272,
    0.5057272291183472,
    0.497636887550354,
    0.49339902448654177,
    0.49901625061035154,
    0.4955136218070984,
    0.49163265562057495,
    0.4891401934623718,
    0.49561758947372436,
    0.4937305874824524
  ],
  "grad_evals": [
    47,
    94,
    141,
    188,
    235,
    282,
    329,
    376,
    423,
    470,
    517,
    564,
    611,
    658,
    705,
    752,
    799,
    846,
    893,
    940,
    987,
    1034,
    1081,
    1128,
    1175,
    1222,
    1269,
    1316,
    1363,
    1410,
    1457,
    1504,
    1551,
    1598,
    1645,
    1692,
    1739,
    1786,
    1833,
    1880
  ],
  "wall_clock_s": [
    0.22402844300017932,
    0.4384026590000758,
    0.6711848429999918,
    0.8847344770001655,
    1.100615285999993,
    1.3111168479999833,
    1.5213695180000286,
    1.7375677030001953,
    1.9544081690000894,
    2.187612622000188,
    2.400720226000203,
    2.7820452299999943,
    2.9967514219999885,
    3.210393250000152,
    3.420766429000196,
    3.6347720490000484,
    3.8475322110000434,
    4.064092991000052,
    4.287538480000194,
    4.509013575000154,
    4.722931327000197,
    4.9375798330002,
    5.150234061999981,
    5.368510492000041,
    5.581561690000171,
    5.800321695000093,
    6.017080189000126,
    6.238682082000196,
    6.455170799000143,
    6.8376173030001155,
    7.0585234150000815,
    7.273740851000184,
    7.49007164700015,
    7.709215747000144,
    7.9248202600001605,
    8.14976562400011,
    8.367747284000188,
    8.581925926000167,
    8.795295330000044,
    9.014702642000202
  ],
  "total_grad_evals": 1880,
  "best_val_loss": 0.4891401934623718,
  "n_epochs_run": 40,
  "test_metrics": {
    "accuracy": 0.779,
    "macro_f1": 0.6399066655706172,
    "balanced_acc": 0.60985163300914,
    "confusion_matrix": [
      [
        1035,
        353,
        0,
        0,
        1,
        1,
        34
      ],
      [
        248,
        1690,
        19,
        0,
        3,
        12,
        0
      ],
      [
        1,
        21,
        210,
        2,
        0,
        15,
        0
      ],
      [
        0,
        0,
        8,
        7,
        0,
        1,
        0
      ],
      [
        3,
        42,
        2,
        0,
        19,
        0,
        0
      ],
      [
        0,
        19,
        68,
        2,
        0,
        42,
        0
      ],
      [
        27,
        2,
        0,
        0,
        0,
        0,
        113
      ]
    ],
    "per_class_report": {
      "CT1": {
        "precision": 0.7876712328767124,
        "recall": 0.7268258426966292,
        "f1-score": 0.7560262965668371,
        "support": 1424.0
      },
      "CT2": {
        "precision": 0.7945463093559003,
        "recall": 0.8569979716024341,
        "f1-score": 0.8245913637472554,
        "support": 1972.0
      },
      "CT3": {
        "precision": 0.6840390879478827,
        "recall": 0.8433734939759037,
        "f1-score": 0.7553956834532374,
        "support": 249.0
      },
      "CT4": {
        "precision": 0.6363636363636364,
        "recall": 0.4375,
        "f1-score": 0.5185185185185185,
        "support": 16.0
      },
      "CT5": {
        "precision": 0.8260869565217391,
        "recall": 0.2878787878787879,
        "f1-score": 0.42696629213483145,
        "support": 66.0
      },
      "CT6": {
        "precision": 0.5915492957746479,
        "recall": 0.32061068702290074,
        "f1-score": 0.4158415841584158,
        "support": 131.0
      },
      "CT7": {
        "precision": 0.7687074829931972,
        "recall": 0.795774647887324,
        "f1-score": 0.7820069204152249,
        "support": 142.0
      },
      "accuracy": 0.779,
      "macro avg": {
        "precision": 0.7269948574048166,
        "recall": 0.60985163300914,
        "f1-score": 0.6399066655706172,
        "support": 4000.0
      },
      "weighted avg": {
        "precision": 0.7775419670522659,
        "recall": 0.779,
        "f1-score": 0.7731913606503823,
        "support": 4000.0
      }
    }
  }
}