{
  "run_name": "part2_adam_b1_zero_seed7",
  "seed": 7,
  "train_loss": [
    1.1133091085751852,
    0.7209054373105367,
    0.6625472842852275,
    0.632946724096934,
    0.6129722442626954,
    0.5940907818476359,
    0.5825117626190186,
    0.5697055857976278,
    0.5595803607304891,
    0.5499810093243916,
    0.5377554910182953,
    0.52959832016627,
    0.5259992922147115,
    0.516765289624532,
    0.5074989949862162,
    0.5011411008834838,
    0.49423971033096314,
    0.4865970409711202,
    0.4791026109059652,
    0.4771187311808268,
    0.4708460659186045,
    0.46475453933080035,
    0.4599436583518982,
    0.4586976284980774,
    0.452726682583491,
    0.44467549554506935,
    0.44410496950149536,
    0.43493053754170735,
    0.43213372802734373,
    0.4274849870999654,
    0.42480379621187847,
    0.4188262747923533,
    0.4173040052254995,
    0.4146513553460439,
    0.40853838674227394,
    0.4025749638080597,
    0.39631832178433735,
    0.3918494883378347,
    0.3962792477607727,
    0.38771859431266786
  ],
  "val_loss": [
    0.7711971163749695,
    0.6828155117034912,
    0.6496039724349976,
    0.6286706252098083,
    0.6145745239257813,
    0.6034720792770386,
    0.580779004573822,
    0.5799393973350525,
    0.5669679503440856,
    0.5636238126754761,
    0.5688012952804565,
    0.5470556426048279,
    0.5489520578384399,
    0.5397673840522766,
    0.5336468820571899,
    0.5321274213790893,
    0.5334285554885865,
    0.524520320892334,
    0.5267624521255493,
    0.5321958508491517,
    0.5182584161758423,
    0.5175848088264465,
    0.5124227876663208,
    0.5265333986282349,
    0.5070159687995911,
    0.5108613357543945,
    0.5029267854690552,
    0.5203984713554383,
    0.5227011427879333,
    0.4967574896812439,
    0.49646563053131104,
    0.5149962477684021,
    0.5024765939712524,
    0.5032954092025756,
    0.4957326955795288,
    0.4939310474395752,
    0.5013194236755371,
    0.509846691608429,
    0.49581826639175414,
    0.49356091403961183
  ],
  "grad_evals": [
    47,
    94,
    141,
    188,
    235,
    282,
    329,
    376,
    423,
    470,
    517,
    564,
    611,
    658,
    705,
    752,
    799,
    846,
    893,
    940,
    987,
    1034,
    1081,
    1128,
    1175,
    1222,
    1269,
    1316,
    1363,
    1410,
    1457,
    1504,
    1551,
    1598,
    1645,
    1692,
    1739,
    1786,
    1833,
    1880
  ],
  "wall_clock_s": [
    0.21256423499994526,
    0.419098780000013,
    0.6281741719999445,
    0.8377801090000503,
    1.0427218709999124,
    1.2526235759999054,
    1.4634888160001083,
    1.6757964779999384,
    1.8897053200000755,
    2.3052532110000357,
    2.5280991350000477,
    2.7373721589999604,
    2.9535083470000245,
    3.1716127199999846,
    3.3837661659999867,
    3.6049661259999084,
    3.8246155570000155,
    4.039324740999973,
    4.246393620999925,
    4.453897160999986,
    4.665092714999901,
    4.8772783249999065,
    5.087423219999891,
    5.300207086,
    5.516373742000042,
    5.734269096999924,
    5.949765363000097,
    6.328548103000003,
    6.5363540190001,
    6.747990810999909,
    6.957079036000096,
    7.171633948999897,
    7.38250899600007,
    7.594142336000004,
    7.806215973000008,
    8.016373449999946,
    8.228180017000113,
    8.442308013000002,
    8.651909666999927,
    8.863680983999984
  ],
  "total_grad_evals": 1880,
  "best_val_loss": 0.49356091403961183,
  "n_epochs_run": 40,
  "test_metrics": {
    "accuracy": 0.784,
    "macro_f1": 0.6279153069845735,
    "balanced_acc": 0.6063534179495725,
    "confusion_matrix": [
      [
        1118,
        271,
        0,
        0,
        2,
        1,
        32
      ],
      [
        294,
        1632,
        16,
        0,
        21,
        9,
        0
      ],
      [
        0,
        21,
        208,
        2,
        0,
        18,
        0
      ],
      [
        0,
        0,
        7,
        6,
        0,
        3,
        0
      ],
      [
        3,
        36,
        2,
        0,
        23,
        2,
        0
      ],
      [
        0,
        21,
        68,
        2,
        0,
        40,
        0
      ],
      [
        32,
        1,
        0,
        0,
        0,
        0,
        109
      ]
    ],
    "per_class_report": {
      "CT1": {
        "precision": 0.7726330338631652,
        "recall": 0.7851123595505618,
        "f1-score": 0.7788227098571926,
        "support": 1424.0
      },
      "CT2": {
        "precision": 0.8234106962663976,
        "recall": 0.8275862068965517,
        "f1-score": 0.8254931714719271,
        "support": 1972.0
      },
      "CT3": {
        "precision": 0.6910299003322259,
        "recall": 0.8353413654618473,
        "f1-score": 0.7563636363636363,
        "support": 249.0
      },
      "CT4": {
        "precision": 0.6,
        "recall": 0.375,
        "f1-score": 0.46153846153846156,
        "support": 16.0
      },
      "CT5": {
        "precision": 0.5,
        "recall": 0.3484848484848485,
        "f1-score": 0.4107142857142857,
        "support": 66.0
      },
      "CT6": {
        "precision": 0.547945205479452,
        "recall": 0.3053435114503817,
        "f1-score": 0.39215686274509803,
        "support": 131.0
      },
      "CT7": {
        "precision": 0.7730496453900709,
        "recall": 0.7676056338028169,
        "f1-score": 0.7703180212014135,
        "support": 142.0
      },
      "accuracy": 0.784,
      "macro avg": {
        "precision": 0.6725812116187588,
        "recall": 0.6063534179495725,
        "f1-score": 0.6279153069845735,
        "support": 4000.0
      },
      "weighted avg": {
        "precision": 0.7800539125011015,
        "recall": 0.784,
        "f1-score": 0.7801250211764487,
        "support": 4000.0
      }
    }
  }
}