{
  "run_name": "part3_dropout_0.3_seed123",
  "seed": 123,
  "train_loss": [
    1.3717612484296162,
    0.8781716017723084,
    0.8169018279711405,
    0.7747867190043132,
    0.7496371134122213,
    0.7322096632321675,
    0.7135622766812643,
    0.7002540497779847,
    0.6837909576098125,
    0.6799762547810873,
    0.6656443985303243,
    0.6656077097256978,
    0.6569570371309916,
    0.6473800346056621,
    0.6426818353335063,
    0.6430086606343587,
    0.6334226562182108,
    0.631009666442871,
    0.6253696449597677,
    0.6217024272282918,
    0.6156202610333761,
    0.6179653765360514,
    0.6073075874646505,
    0.6086314407984416,
    0.6039077080090841,
    0.5986642862955729,
    0.5982247071266175,
    0.5931869298617045,
    0.5857124740282694,
    0.58905739514033,
    0.5917803867657979,
    0.588313116868337,
    0.5874930629730225,
    0.5822602984110514,
    0.5762671054204305,
    0.5747893918355306,
    0.5709511241912841,
    0.5765372970898947,
    0.5675158680280049,
    0.5689269358317057
  ],
  "val_loss": [
    0.8454209985733032,
    0.7259451975822448,
    0.6919476337432862,
    0.6729547305107116,
    0.6622335867881775,
    0.6491472215652466,
    0.6416954789161682,
    0.6312440271377564,
    0.6264212107658387,
    0.6212208065986633,
    0.6139835538864136,
    0.6101100397109985,
    0.6026245527267456,
    0.6011649160385132,
    0.5966822004318237,
    0.5956870374679566,
    0.587787052154541,
    0.5878329391479492,
    0.581763909816742,
    0.5767366495132447,
    0.5788200540542603,
    0.5762841310501099,
    0.574260781288147,
    0.5680997672080994,
    0.5674574646949768,
    0.5624223518371582,
    0.5604319205284118,
    0.5592976937294006,
    0.5560416150093078,
    0.5562757821083069,
    0.5513042492866516,
    0.552151526927948,
    0.5527315244674683,
    0.5473253107070923,
    0.5447233643531799,
    0.5448874211311341,
    0.5416006660461425,
    0.5394496545791626,
    0.5367096071243286,
    0.5397361416816712
  ],
  "grad_evals": [
    47,
    94,
    141,
    188,
    235,
    282,
    329,
    376,
    423,
    470,
    517,
    564,
    611,
    658,
    705,
    752,
    799,
    846,
    893,
    940,
    987,
    1034,
    1081,
    1128,
    1175,
    1222,
    1269,
    1316,
    1363,
    1410,
    1457,
    1504,
    1551,
    1598,
    1645,
    1692,
    1739,
    1786,
    1833,
    1880
  ],
  "wall_clock_s": [
    0.2887990990000162,
    0.5859028360000593,
    0.8959816090000459,
    1.224703874999932,
    1.5613499470000534,
    1.882492665999962,
    2.20248856399985,
    2.5002117300000464,
    2.981592560999843,
    3.2825902919998953,
    3.580745413999921,
    3.881856353999865,
    4.180826657999887,
    4.524385994999875,
    4.861778873000048,
    5.1648022509998555,
    5.477355588999899,
    5.7833445129999745,
    6.079600209999853,
    6.389042019000044,
    6.7045746569999665,
    7.030360236999968,
    7.342379424000001,
    7.6410417580000285,
    7.950340797999843,
    8.25050138000006,
    8.722471458999962,
    9.027571174000059,
    9.319959907999873,
    9.614746167000021,
    9.915574576999916,
    10.210508035999965,
    10.50830714599988,
    10.81022353000003,
    11.11478147899993,
    11.420174666999856,
    11.715757367999913,
    12.023452193999901,
    12.326857644000029,
    12.639763750999919
  ],
  "total_grad_evals": 1880,
  "best_val_loss": 0.5367096071243286,
  "n_epochs_run": 40,
  "test_metrics": {
    "accuracy": 0.7545,
    "macro_f1": 0.5338578276599487,
    "balanced_acc": 0.5206622989666067,
    "confusion_matrix": [
      [
        1034,
        359,
        0,
        0,
        1,
        1,
        29
      ],
      [
        309,
        1616,
        23,
        0,
        4,
        19,
        1
      ],
      [
        0,
        13,
        217,
        2,
        0,
        17,
        0
      ],
      [
        0,
        0,
        11,
        1,
        0,
        4,
        0
      ],
      [
        0,
        51,
        3,
        0,
        11,
        1,
        0
      ],
      [
        0,
        18,
        79,
        1,
        0,
        33,
        0
      ],
      [
        35,
        1,
        0,
        0,
        0,
        0,
        106
      ]
    ],
    "per_class_report": {
      "CT1": {
        "precision": 0.7503628447024674,
        "recall": 0.726123595505618,
        "f1-score": 0.7380442541042113,
        "support": 1424.0
      },
      "CT2": {
        "precision": 0.7852283770651117,
        "recall": 0.8194726166328601,
        "f1-score": 0.8019851116625311,
        "support": 1972.0
      },
      "CT3": {
        "precision": 0.6516516516516516,
        "recall": 0.8714859437751004,
        "f1-score": 0.7457044673539519,
        "support": 249.0
      },
      "CT4": {
        "precision": 0.25,
        "recall": 0.0625,
        "f1-score": 0.1,
        "support": 16.0
      },
      "CT5": {
        "precision": 0.6875,
        "recall": 0.16666666666666666,
        "f1-score": 0.2682926829268293,
        "support": 66.0
      },
      "CT6": {
        "precision": 0.44,
        "recall": 0.25190839694656486,
        "f1-score": 0.32038834951456313,
        "support": 131.0
      },
      "CT7": {
        "precision": 0.7794117647058824,
        "recall": 0.7464788732394366,
        "f1-score": 0.762589928057554,
        "support": 142.0
      },
      "accuracy": 0.7545,
      "macro avg": {
        "precision": 0.620593519732159,
        "recall": 0.5206622989666067,
        "f1-score": 0.5338578276599487,
        "support": 4000.0
      },
      "weighted avg": {
        "precision": 0.7492349455695525,
        "recall": 0.7545,
        "f1-score": 0.7469340077644483,
        "support": 4000.0
      }
    }
  }
}