{
  "run_name": "part3_l2_1e-3_seed7",
  "seed": 7,
  "train_loss": [
    1.0942897755304972,
    0.7058493609428406,
    0.6594193789164225,
    0.6285151155789693,
    0.6116977434158325,
    0.5916474394798279,
    0.5742617452939351,
    0.5651617444356283,
    0.5532149184544881,
    0.5439375965595246,
    0.5350505746205648,
    0.5205847278436025,
    0.5151655614376068,
    0.5087865969340006,
    0.4990335400899251,
    0.4913331330617269,
    0.48774695372581484,
    0.4784462628364563,
    0.4750695890585582,
    0.47018158372243246,
    0.4657608255545298,
    0.4508603183428446,
    0.4473011316458384,
    0.4529809691111247,
    0.44115927934646604,
    0.4367752020359039,
    0.42803657515843707,
    0.4217030173142751,
    0.4241045937538147,
    0.4188227020104726,
    0.42050708436965945,
    0.41468087196350095,
    0.4113830610911051,
    0.3991811108589172,
    0.3996676248709361,
    0.3973361494541168,
    0.39564257256189983,
    0.3886831187407176,
    0.3838013955752055,
    0.3888058958848317
  ],
  "val_loss": [
    0.7435080223083496,
    0.6795151715278626,
    0.6405602836608887,
    0.623743284702301,
    0.6155610718727111,
    0.593805269241333,
    0.5821228322982788,
    0.5786282262802124,
    0.573397931098938,
    0.5646264066696167,
    0.5623208565711975,
    0.5466528778076172,
    0.5474619913101196,
    0.5380337271690369,
    0.5364432368278503,
    0.5409159007072448,
    0.5336720519065857,
    0.533986050605774,
    0.529305947303772,
    0.520462806224823,
    0.509282452583313,
    0.5167933511734009,
    0.5231362853050232,
    0.5249489459991455,
    0.5077483968734742,
    0.49728758096694947,
    0.5019216585159302,
    0.5001046380996704,
    0.5027381181716919,
    0.5030785303115844,
    0.5027072458267212,
    0.5083721446990966,
    0.49743314838409425,
    0.5029894547462463,
    0.4998938593864441,
    0.49967748498916625,
    0.487066819190979,
    0.4833456749916077,
    0.4943864026069641,
    0.49485145711898804
  ],
  "grad_evals": [
    47,
    94,
    141,
    188,
    235,
    282,
    329,
    376,
    423,
    470,
    517,
    564,
    611,
    658,
    705,
    752,
    799,
    846,
    893,
    940,
    987,
    1034,
    1081,
    1128,
    1175,
    1222,
    1269,
    1316,
    1363,
    1410,
    1457,
    1504,
    1551,
    1598,
    1645,
    1692,
    1739,
    1786,
    1833,
    1880
  ],
  "wall_clock_s": [
    0.20858801700001095,
    0.4204395750000458,
    0.633417849999887,
    0.8537060080000174,
    1.0652463249998618,
    1.2743290199998683,
    1.6467675530000179,
    1.8594673249999687,
    2.074082012999952,
    2.2843154569998205,
    2.5011166059998686,
    2.719453935000047,
    2.9359479559998363,
    3.155358822999915,
    3.365284003999932,
    3.58309687499991,
    3.799057117999837,
    4.003134606999993,
    4.217475017999959,
    4.425318222999977,
    4.628667882999935,
    4.8406308510000144,
    5.049311155999931,
    5.261952822000012,
    5.607353363999891,
    5.819513235999921,
    6.029497108999976,
    6.237435586999936,
    6.448682948999931,
    6.6544767629998205,
    6.866678294999929,
    7.081639389999964,
    7.2933344969999325,
    7.500210754999898,
    7.709493057999907,
    7.924630017000027,
    8.13204337000002,
    8.340501224000036,
    8.551484717999983,
    8.761746227999993
  ],
  "total_grad_evals": 1880,
  "best_val_loss": 0.4833456749916077,
  "n_epochs_run": 40,
  "test_metrics": {
    "accuracy": 0.77975,
    "macro_f1": 0.6439273400689094,
    "balanced_acc": 0.616251203353692,
    "confusion_matrix": [
      [
        1042,
        357,
        0,
        0,
        1,
        1,
        23
      ],
      [
        236,
        1692,
        16,
        0,
        5,
        23,
        0
      ],
      [
        0,
        17,
        189,
        4,
        0,
        39,
        0
      ],
      [
        0,
        0,
        6,
        7,
        0,
        3,
        0
      ],
      [
        4,
        38,
        2,
        0,
        20,
        2,
        0
      ],
      [
        1,
        14,
        57,
        1,
        0,
        58,
        0
      ],
      [
        29,
        2,
        0,
        0,
        0,
        0,
        111
      ]
    ],
    "per_class_report": {
      "CT1": {
        "precision": 0.7942073170731707,
        "recall": 0.7317415730337079,
        "f1-score": 0.7616959064327485,
        "support": 1424.0
      },
      "CT2": {
        "precision": 0.7981132075471699,
        "recall": 0.8580121703853956,
        "f1-score": 0.8269794721407625,
        "support": 1972.0
      },
      "CT3": {
        "precision": 0.7,
        "recall": 0.7590361445783133,
        "f1-score": 0.7283236994219653,
        "support": 249.0
      },
      "CT4": {
        "precision": 0.5833333333333334,
        "recall": 0.4375,
        "f1-score": 0.5,
        "support": 16.0
      },
      "CT5": {
        "precision": 0.7692307692307693,
        "recall": 0.30303030303030304,
        "f1-score": 0.43478260869565216,
        "support": 66.0
      },
      "CT6": {
        "precision": 0.4603174603174603,
        "recall": 0.44274809160305345,
        "f1-score": 0.45136186770428016,
        "support": 131.0
      },
      "CT7": {
        "precision": 0.8283582089552238,
        "recall": 0.7816901408450704,
        "f1-score": 0.8043478260869565,
        "support": 142.0
      },
      "accuracy": 0.77975,
      "macro avg": {
        "precision": 0.7047943280653037,
        "recall": 0.616251203353692,
        "f1-score": 0.6439273400689094,
        "support": 4000.0
      },
      "weighted avg": {
        "precision": 0.779290370467752,
        "recall": 0.77975,
        "f1-score": 0.7767131347813522,
        "support": 4000.0
      }
    }
  }
}