{
  "run_name": "part3_dropout_0.3_seed7",
  "seed": 7,
  "train_loss": [
    1.334545138835907,
    0.8749355893135071,
    0.8146629554430643,
    0.7684422483444214,
    0.7494200285275777,
    0.7308943249384562,
    0.7050242403348287,
    0.7007850219408671,
    0.683081218401591,
    0.6800578668912252,
    0.6726040151913961,
    0.6666393721898397,
    0.6564609543482463,
    0.6472206697463989,
    0.6437304862340292,
    0.6408883016904195,
    0.6411480461756388,
    0.6310884620348612,
    0.6287619500160218,
    0.6249967986742655,
    0.6217890901565551,
    0.6167144023577372,
    0.6125132118860881,
    0.60707732518514,
    0.6043467206954956,
    0.6026423481305441,
    0.5979279001553853,
    0.5971713503201802,
    0.5908612796465555,
    0.590835593700409,
    0.5922429958979288,
    0.5861995126406352,
    0.5832519189516703,
    0.5733060874938964,
    0.5780505202611288,
    0.5761547884941101,
    0.5747119849522908,
    0.5702874615987142,
    0.5632944744427999,
    0.5631593022346496
  ],
  "val_loss": [
    0.826421245098114,
    0.7344253358840942,
    0.6992140302658081,
    0.6861857118606567,
    0.6607965612411499,
    0.653513644695282,
    0.6430467352867126,
    0.6338791198730469,
    0.6285604448318481,
    0.6241522660255432,
    0.6172472734451294,
    0.6097852625846862,
    0.6027515630722046,
    0.6041813898086548,
    0.5969597759246826,
    0.5936830239295959,
    0.5929061040878296,
    0.5883617324829101,
    0.5871769456863404,
    0.5838593320846558,
    0.5786051306724548,
    0.5771098504066468,
    0.5744736208915711,
    0.5692439670562744,
    0.5677332015037536,
    0.5662352786064148,
    0.5649563589096069,
    0.5609937596321106,
    0.5597162027359008,
    0.5591704082489014,
    0.5559249181747437,
    0.5528028702735901,
    0.5496774778366089,
    0.5480284872055053,
    0.5447785439491272,
    0.5452372455596923,
    0.5440208921432496,
    0.5421007714271545,
    0.5413449926376342,
    0.538611515045166
  ],
  "grad_evals": [
    47,
    94,
    141,
    188,
    235,
    282,
    329,
    376,
    423,
    470,
    517,
    564,
    611,
    658,
    705,
    752,
    799,
    846,
    893,
    940,
    987,
    1034,
    1081,
    1128,
    1175,
    1222,
    1269,
    1316,
    1363,
    1410,
    1457,
    1504,
    1551,
    1598,
    1645,
    1692,
    1739,
    1786,
    1833,
    1880
  ],
  "wall_clock_s": [
    0.29603044800001044,
    0.5949913280001056,
    0.8841409920000842,
    1.3510785610001221,
    1.6501717250000638,
    1.9717781379999906,
    2.2732526639999833,
    2.57596741500015,
    2.8702633800000967,
    3.161072075999982,
    3.4584864640000887,
    3.7572948819999965,
    4.081042674000173,
    4.381952353000088,
    4.673746589000075,
    4.972434926999995,
    5.262798570000086,
    5.577856376,
    5.90165825400004,
    6.210962827000003,
    6.5123237290001725,
    6.967291108000154,
    7.2627839020001375,
    7.564170302000093,
    7.873771218999991,
    8.17429772100013,
    8.474914083000158,
    8.775275092000129,
    9.077064379000149,
    9.391994940000131,
    9.699991971000145,
    10.007680273999995,
    10.318150839000054,
    10.620151675999978,
    10.923106526000083,
    11.220960697999999,
    11.516982292000193,
    11.81640123000011,
    12.140903180000123,
    12.6067477040001
  ],
  "total_grad_evals": 1880,
  "best_val_loss": 0.538611515045166,
  "n_epochs_run": 40,
  "test_metrics": {
    "accuracy": 0.753,
    "macro_f1": 0.5411540010368808,
    "balanced_acc": 0.5324270850648144,
    "confusion_matrix": [
      [
        1031,
        352,
        0,
        0,
        1,
        1,
        39
      ],
      [
        306,
        1608,
        27,
        0,
        4,
        23,
        4
      ],
      [
        0,
        12,
        220,
        4,
        0,
        13,
        0
      ],
      [
        0,
        0,
        11,
        2,
        0,
        3,
        0
      ],
      [
        0,
        49,
        2,
        0,
        12,
        3,
        0
      ],
      [
        0,
        18,
        81,
        1,
        0,
        31,
        0
      ],
      [
        33,
        1,
        0,
        0,
        0,
        0,
        108
      ]
    ],
    "per_class_report": {
      "CT1": {
        "precision": 0.7525547445255475,
        "recall": 0.7240168539325843,
        "f1-score": 0.7380100214745884,
        "support": 1424.0
      },
      "CT2": {
        "precision": 0.788235294117647,
        "recall": 0.8154158215010142,
        "f1-score": 0.8015952143569293,
        "support": 1972.0
      },
      "CT3": {
        "precision": 0.6451612903225806,
        "recall": 0.8835341365461847,
        "f1-score": 0.7457627118644068,
        "support": 249.0
      },
      "CT4": {
        "precision": 0.2857142857142857,
        "recall": 0.125,
        "f1-score": 0.17391304347826086,
        "support": 16.0
      },
      "CT5": {
        "precision": 0.7058823529411765,
        "recall": 0.18181818181818182,
        "f1-score": 0.2891566265060241,
        "support": 66.0
      },
      "CT6": {
        "precision": 0.4189189189189189,
        "recall": 0.2366412213740458,
        "f1-score": 0.3024390243902439,
        "support": 131.0
      },
      "CT7": {
        "precision": 0.7152317880794702,
        "recall": 0.7605633802816901,
        "f1-score": 0.7372013651877133,
        "support": 142.0
      },
      "accuracy": 0.753,
      "macro avg": {
        "precision": 0.6159569535170896,
        "recall": 0.5324270850648144,
        "f1-score": 0.5411540010368808,
        "support": 4000.0
      },
      "weighted avg": {
        "precision": 0.7485710184114778,
        "recall": 0.753,
        "f1-score": 0.7458840001606857,
        "support": 4000.0
      }
    }
  }
}