{
  "run_name": "part2_adam_seed123",
  "seed": 123,
  "train_loss": [
    1.1092204502423604,
    0.7055926755269368,
    0.6571995361646017,
    0.626653524239858,
    0.6056986859639486,
    0.5917541257540385,
    0.5736747689247131,
    0.562031549135844,
    0.5502085407574971,
    0.5432095697720846,
    0.533486413637797,
    0.5241652778784434,
    0.5153960429827372,
    0.5068855032126108,
    0.4971084222793579,
    0.4953943880399068,
    0.4877974109649658,
    0.481537339369456,
    0.4696910168329875,
    0.4642724804878235,
    0.46069926889737445,
    0.4587737991809845,
    0.45238997888565063,
    0.4466473962465922,
    0.44025569637616474,
    0.43196612000465395,
    0.4351230711936951,
    0.4331724913914998,
    0.4242124214967092,
    0.41621894629796347,
    0.40866239547729494,
    0.4084149800936381,
    0.40590877024332683,
    0.4035611061255137,
    0.3999801857471466,
    0.3882603338559469,
    0.39355543979008994,
    0.3818061799208323,
    0.3802184484799703,
    0.3752484955787659
  ],
  "val_loss": [
    0.7525172572135925,
    0.6714687905311585,
    0.6465470027923584,
    0.6201479597091675,
    0.6066133379936218,
    0.5961450233459472,
    0.5769051370620728,
    0.5713127460479737,
    0.5645962228775024,
    0.5599869575500488,
    0.5537470688819885,
    0.5471038947105408,
    0.5460776133537293,
    0.5330264854431153,
    0.5366953382492066,
    0.526860496044159,
    0.5275344686508179,
    0.5310656876564026,
    0.5284336328506469,
    0.5161095128059388,
    0.5115886626243591,
    0.5176658487319946,
    0.508275016784668,
    0.515766577720642,
    0.5080007286071777,
    0.5121800589561463,
    0.524073844909668,
    0.5087334570884705,
    0.5139659957885743,
    0.502233000278473,
    0.5087610263824462,
    0.49498987340927125,
    0.4949737730026245,
    0.5024008264541626,
    0.4895218577384949,
    0.4892535991668701,
    0.5001407599449158,
    0.4930946431159973,
    0.48893989753723144,
    0.49624678325653077
  ],
  "grad_evals": [
    47,
    94,
    141,
    188,
    235,
    282,
    329,
    376,
    423,
    470,
    517,
    564,
    611,
    658,
    705,
    752,
    799,
    846,
    893,
    940,
    987,
    1034,
    1081,
    1128,
    1175,
    1222,
    1269,
    1316,
    1363,
    1410,
    1457,
    1504,
    1551,
    1598,
    1645,
    1692,
    1739,
    1786,
    1833,
    1880
  ],
  "wall_clock_s": [
    0.21396492999997463,
    0.4180624729999636,
    0.6230088059999161,
    0.8301443109999127,
    1.0393045430000711,
    1.4084064139999555,
    1.6197519709999142,
    1.838044785999955,
    2.0461563900000783,
    2.2475424360000034,
    2.4490960240000277,
    2.689659150999887,
    2.8996963940001024,
    3.1123882520000734,
    3.320381738999913,
    3.52584816600006,
    3.736762515999999,
    3.942272449000029,
    4.1519766619999245,
    4.35596362199999,
    4.562507374000006,
    4.768468618000043,
    4.971394812999961,
    5.337864828999955,
    5.547621337999999,
    5.761067378999996,
    5.983950151000045,
    6.189917540999886,
    6.405969658999993,
    6.6179462650000005,
    6.824733662999961,
    7.031081056999938,
    7.244934675999957,
    7.456990830999985,
    7.675521318999927,
    7.894152954999981,
    8.103131079999912,
    8.307079995000095,
    8.510589743000082,
    8.724186235999923
  ],
  "total_grad_evals": 1880,
  "best_val_loss": 0.48893989753723144,
  "n_epochs_run": 40,
  "test_metrics": {
    "accuracy": 0.782,
    "macro_f1": 0.6504866991082026,
    "balanced_acc": 0.6241248312853587,
    "confusion_matrix": [
      [
        1067,
        324,
        0,
        0,
        3,
        2,
        28
      ],
      [
        254,
        1667,
        18,
        0,
        10,
        22,
        1
      ],
      [
        0,
        13,
        197,
        1,
        0,
        38,
        0
      ],
      [
        0,
        0,
        8,
        7,
        0,
        1,
        0
      ],
      [
        1,
        38,
        3,
        0,
        21,
        3,
        0
      ],
      [
        0,
        16,
        50,
        2,
        0,
        63,
        0
      ],
      [
        34,
        2,
        0,
        0,
        0,
        0,
        106
      ]
    ],
    "per_class_report": {
      "CT1": {
        "precision": 0.7868731563421829,
        "recall": 0.7492977528089888,
        "f1-score": 0.7676258992805756,
        "support": 1424.0
      },
      "CT2": {
        "precision": 0.8092233009708738,
        "recall": 0.8453346855983773,
        "f1-score": 0.8268849206349206,
        "support": 1972.0
      },
      "CT3": {
        "precision": 0.7137681159420289,
        "recall": 0.7911646586345381,
        "f1-score": 0.7504761904761905,
        "support": 249.0
      },
      "CT4": {
        "precision": 0.7,
        "recall": 0.4375,
        "f1-score": 0.5384615384615384,
        "support": 16.0
      },
      "CT5": {
        "precision": 0.6176470588235294,
        "recall": 0.3181818181818182,
        "f1-score": 0.42,
        "support": 66.0
      },
      "CT6": {
        "precision": 0.4883720930232558,
        "recall": 0.48091603053435117,
        "f1-score": 0.4846153846153846,
        "support": 131.0
      },
      "CT7": {
        "precision": 0.7851851851851852,
        "recall": 0.7464788732394366,
        "f1-score": 0.7653429602888087,
        "support": 142.0
      },
      "accuracy": 0.782,
      "macro avg": {
        "precision": 0.7001527014695793,
        "recall": 0.6241248312853587,
        "f1-score": 0.6504866991082026,
        "support": 4000.0
      },
      "weighted avg": {
        "precision": 0.780365432845023,
        "recall": 0.782,
        "f1-score": 0.7797709039642964,
        "support": 4000.0
      }
    }
  }
}