{
  "run_name": "part3_best_combo_seed123",
  "seed": 123,
  "train_loss": [
    1.4279890352884927,
    1.0838129517237345,
    1.0548553867340087,
    1.0341142613093057,
    1.0136920785903931,
    1.0037393344243368,
    0.9939197975794475,
    0.9805183966954549,
    0.9791877104441324,
    0.9687282780011495,
    0.9622769139607747,
    0.958499641418457,
    0.9532673559188842,
    0.9486072058677674,
    0.9464748481114705,
    0.9414702995618185,
    0.9366834734280904,
    0.9366192226409912,
    0.9319247976938884,
    0.9276450915336609,
    0.9272458299001058,
    0.9243071093559265,
    0.9197186698913574,
    0.9199064989089966,
    0.9132006553014119,
    0.9135056260426839,
    0.9086058417956034,
    0.9056593368848165,
    0.9035744298299153,
    0.9006795625686645,
    0.8994602058728536,
    0.8966253039042155,
    0.8964750699996948,
    0.8907866733868917,
    0.8901172142028808,
    0.887268790880839,
    0.8872487319310506,
    0.8836841216087341,
    0.8809751052856445,
    0.8789222623507181
  ],
  "val_loss": [
    1.0378041009902954,
    0.9822699699401856,
    0.9665102272033691,
    0.9574026679992675,
    0.9436545028686524,
    0.9377831125259399,
    0.9317860860824585,
    0.9279336357116699,
    0.9266281261444091,
    0.9242049412727356,
    0.9173455362319947,
    0.915503821849823,
    0.9104547543525696,
    0.9103286914825439,
    0.9099257555007935,
    0.908134705543518,
    0.9039451208114624,
    0.8996124830245972,
    0.8999450216293335,
    0.8962180404663086,
    0.8955362501144409,
    0.8943384237289429,
    0.8901569142341613,
    0.8934846858978271,
    0.8859987654685975,
    0.8850215516090393,
    0.8850403842926026,
    0.8815703258514405,
    0.8790322895050049,
    0.8768442010879517,
    0.8767477493286133,
    0.8730953187942505,
    0.8728498191833496,
    0.8694644203186035,
    0.86889914894104,
    0.868324315071106,
    0.8661556901931763,
    0.8632349395751953,
    0.8615494222640991,
    0.8611412739753723
  ],
  "grad_evals": [
    47,
    94,
    141,
    188,
    235,
    282,
    329,
    376,
    423,
    470,
    517,
    564,
    611,
    658,
    705,
    752,
    799,
    846,
    893,
    940,
    987,
    1034,
    1081,
    1128,
    1175,
    1222,
    1269,
    1316,
    1363,
    1410,
    1457,
    1504,
    1551,
    1598,
    1645,
    1692,
    1739,
    1786,
    1833,
    1880
  ],
  "wall_clock_s": [
    0.29166936199999327,
    0.753367727000068,
    1.0490488150001056,
    1.3628075009999066,
    1.663938336000001,
    1.9636518400000114,
    2.275443113999927,
    2.588368275999983,
    2.901590859999942,
    3.226861104999898,
    3.5423331419999613,
    3.855526198000007,
    4.1717394100001,
    4.49938849199998,
    4.8238013830000455,
    5.127822421000019,
    5.415084615000069,
    5.706713950999983,
    6.006129051000016,
    6.4839602419999665,
    6.80790144599996,
    7.125153373000103,
    7.449909817999924,
    7.76592370000003,
    8.096122664999939,
    8.409886299999926,
    8.738825113000075,
    9.046291142999962,
    9.355369077999967,
    9.660600227000032,
    9.982078615000091,
    10.320340121000072,
    10.646775984999977,
    10.968960739000067,
    11.281752935999975,
    11.621818312999949,
    11.940525087999958,
    12.451236645000108,
    12.796143940000093,
    13.112111150999908
  ],
  "total_grad_evals": 1880,
  "best_val_loss": 0.8611412739753723,
  "n_epochs_run": 40,
  "test_metrics": {
    "accuracy": 0.7545,
    "macro_f1": 0.5437517499012863,
    "balanced_acc": 0.5258395193199802,
    "confusion_matrix": [
      [
        1041,
        349,
        0,
        0,
        0,
        1,
        33
      ],
      [
        313,
        1614,
        21,
        0,
        1,
        21,
        2
      ],
      [
        0,
        17,
        198,
        1,
        0,
        33,
        0
      ],
      [
        0,
        0,
        11,
        1,
        0,
        4,
        0
      ],
      [
        2,
        49,
        2,
        0,
        11,
        2,
        0
      ],
      [
        0,
        17,
        63,
        1,
        0,
        50,
        0
      ],
      [
        37,
        2,
        0,
        0,
        0,
        0,
        103
      ]
    ],
    "per_class_report": {
      "CT1": {
        "precision": 0.747307968413496,
        "recall": 0.7310393258426966,
        "f1-score": 0.739084132055378,
        "support": 1424.0
      },
      "CT2": {
        "precision": 0.7880859375,
        "recall": 0.8184584178498986,
        "f1-score": 0.8029850746268656,
        "support": 1972.0
      },
      "CT3": {
        "precision": 0.6711864406779661,
        "recall": 0.7951807228915663,
        "f1-score": 0.7279411764705882,
        "support": 249.0
      },
      "CT4": {
        "precision": 0.3333333333333333,
        "recall": 0.0625,
        "f1-score": 0.10526315789473684,
        "support": 16.0
      },
      "CT5": {
        "precision": 0.9166666666666666,
        "recall": 0.16666666666666666,
        "f1-score": 0.28205128205128205,
        "support": 66.0
      },
      "CT6": {
        "precision": 0.45045045045045046,
        "recall": 0.3816793893129771,
        "f1-score": 0.4132231404958678,
        "support": 131.0
      },
      "CT7": {
        "precision": 0.7463768115942029,
        "recall": 0.7253521126760564,
        "f1-score": 0.7357142857142858,
        "support": 142.0
      },
      "accuracy": 0.7545,
      "macro avg": {
        "precision": 0.664772515519445,
        "recall": 0.5258395193199802,
        "f1-score": 0.5437517499012863,
        "support": 4000.0
      },
      "weighted avg": {
        "precision": 0.7540563222720877,
        "recall": 0.7545,
        "f1-score": 0.7490257448175754,
        "support": 4000.0
      }
    }
  }
}