{
  "run_name": "part3_l2_1e-3_seed42",
  "seed": 42,
  "train_loss": [
    1.1391276574134828,
    0.7034735091527303,
    0.6607004979451497,
    0.6339648408889771,
    0.6119249002138774,
    0.5978272040685018,
    0.5825395991007487,
    0.5699876392682394,
    0.5579787475268047,
    0.5442003513971965,
    0.540572859287262,
    0.5269063200950622,
    0.5194497362772623,
    0.5110323354403178,
    0.5040172255833943,
    0.500689690430959,
    0.48887368710835777,
    0.48209851853052776,
    0.4786373203595479,
    0.4702579270203908,
    0.4611758282184601,
    0.4659364027182261,
    0.45286421235402424,
    0.4452317594687144,
    0.4448805894056956,
    0.44194650077819825,
    0.43262128678957623,
    0.43021433472633364,
    0.4272387483914693,
    0.426979984442393,
    0.42574121451377867,
    0.4116467615763346,
    0.41529494468371075,
    0.4072536619504293,
    0.4007840594450633,
    0.395612010717392,
    0.3954727724393209,
    0.387128724416097,
    0.3928565294742584,
    0.38396674434343975
  ],
  "val_loss": [
    0.7452969741821289,
    0.6823471899032593,
    0.6512329072952271,
    0.6319032583236694,
    0.6127326984405518,
    0.6047627377510071,
    0.5914352498054505,
    0.5897554030418396,
    0.5666578931808471,
    0.5684226241111755,
    0.560231469154358,
    0.5660127048492432,
    0.550719605922699,
    0.5436062145233155,
    0.5526849989891052,
    0.5376977367401123,
    0.5386980319023132,
    0.5286354122161865,
    0.5304522519111633,
    0.5185227537155152,
    0.5177192811965943,
    0.5129377903938294,
    0.5142997698783874,
    0.5193624143600464,
    0.5204070229530334,
    0.518847574710846,
    0.5210136694908142,
    0.5208337178230286,
    0.5217731866836548,
    0.5094361824989319,
    0.5085741209983826,
    0.5178826503753662,
    0.5079931497573853,
    0.5081998138427735,
    0.5049241876602173,
    0.5127690196037292,
    0.5091738681793213,
    0.5240478734970093,
    0.4975298976898193,
    0.504122091293335
  ],
  "grad_evals": [
    47,
    94,
    141,
    188,
    235,
    282,
    329,
    376,
    423,
    470,
    517,
    564,
    611,
    658,
    705,
    752,
    799,
    846,
    893,
    940,
    987,
    1034,
    1081,
    1128,
    1175,
    1222,
    1269,
    1316,
    1363,
    1410,
    1457,
    1504,
    1551,
    1598,
    1645,
    1692,
    1739,
    1786,
    1833,
    1880
  ],
  "wall_clock_s": [
    0.2107165569998415,
    0.4250831309998375,
    0.641672170999982,
    0.866084303999969,
    1.0862014479998834,
    1.304231401999914,
    1.513729771999806,
    1.7223935569998048,
    1.9365579629998138,
    2.1456780359999357,
    2.354099317999953,
    2.5756324719998247,
    2.806666504999839,
    3.0283888549997755,
    3.2414549439999973,
    3.623590232999959,
    3.83534891599993,
    4.044441017999816,
    4.2528580649998275,
    4.461873582999942,
    4.682507380999823,
    4.8884676449999915,
    5.0977361759998985,
    5.30639677299996,
    5.512960810999857,
    5.723312250999925,
    5.931813160999809,
    6.140800597999942,
    6.356866674999992,
    6.56962646199986,
    6.7836409049998565,
    7.0024878389999685,
    7.213425932999826,
    7.602616980999983,
    7.822098787999948,
    8.036307343999852,
    8.259237663999784,
    8.476680905999956,
    8.690163112999926,
    8.914477226999907
  ],
  "total_grad_evals": 1880,
  "best_val_loss": 0.4975298976898193,
  "n_epochs_run": 40,
  "test_metrics": {
    "accuracy": 0.779,
    "macro_f1": 0.5901151499070855,
    "balanced_acc": 0.5456919235209825,
    "confusion_matrix": [
      [
        1081,
        332,
        0,
        0,
        0,
        1,
        10
      ],
      [
        246,
        1688,
        16,
        0,
        4,
        17,
        1
      ],
      [
        0,
        24,
        182,
        1,
        0,
        42,
        0
      ],
      [
        0,
        0,
        10,
        3,
        0,
        3,
        0
      ],
      [
        2,
        45,
        3,
        0,
        14,
        2,
        0
      ],
      [
        1,
        20,
        56,
        0,
        0,
        54,
        0
      ],
      [
        47,
        1,
        0,
        0,
        0,
        0,
        94
      ]
    ],
    "per_class_report": {
      "CT1": {
        "precision": 0.785039941902687,
        "recall": 0.7591292134831461,
        "f1-score": 0.7718671902891824,
        "support": 1424.0
      },
      "CT2": {
        "precision": 0.8,
        "recall": 0.8559837728194726,
        "f1-score": 0.8270455658990691,
        "support": 1972.0
      },
      "CT3": {
        "precision": 0.6816479400749064,
        "recall": 0.7309236947791165,
        "f1-score": 0.7054263565891473,
        "support": 249.0
      },
      "CT4": {
        "precision": 0.75,
        "recall": 0.1875,
        "f1-score": 0.3,
        "support": 16.0
      },
      "CT5": {
        "precision": 0.7777777777777778,
        "recall": 0.21212121212121213,
        "f1-score": 0.3333333333333333,
        "support": 66.0
      },
      "CT6": {
        "precision": 0.453781512605042,
        "recall": 0.4122137404580153,
        "f1-score": 0.432,
        "support": 131.0
      },
      "CT7": {
        "precision": 0.8952380952380953,
        "recall": 0.6619718309859155,
        "f1-score": 0.7611336032388664,
        "support": 142.0
      },
      "accuracy": 0.779,
      "macro avg": {
        "precision": 0.7347836096569298,
        "recall": 0.5456919235209825,
        "f1-score": 0.5901151499070855,
        "support": 4000.0
      },
      "weighted avg": {
        "precision": 0.7787824338391205,
        "recall": 0.779,
        "f1-score": 0.7742992173438442,
        "support": 4000.0
      }
    }
  }
}