{
  "run_name": "part2_adam_seed42",
  "seed": 42,
  "train_loss": [
    1.137591518719991,
    0.7022355432510377,
    0.6585632060368856,
    0.631301286538442,
    0.6110689007441202,
    0.5949936308860779,
    0.5817823179562887,
    0.5713572797775268,
    0.5576462885538737,
    0.5474154046376546,
    0.5332679414749145,
    0.5319324358304341,
    0.5212775985399882,
    0.5105278786023458,
    0.5008224770228068,
    0.49455974181493123,
    0.489579850991567,
    0.4838020047346751,
    0.47786221305529275,
    0.47156291095415753,
    0.4617432672182719,
    0.4652129233678182,
    0.4544610735575358,
    0.4507670291264852,
    0.44586496146519977,
    0.43791470567385354,
    0.4310540022850037,
    0.42786734437942503,
    0.4271915136178335,
    0.41875701268514,
    0.41505229330062865,
    0.4135570614337921,
    0.4059149316151937,
    0.40279125412305194,
    0.3958994905948639,
    0.3933067417939504,
    0.39009672864278155,
    0.39012477827072145,
    0.3854868337313334,
    0.3807453986008962
  ],
  "val_loss": [
    0.7450013003349304,
    0.6710761885643005,
    0.6524472312927246,
    0.625712097644806,
    0.6155236811637879,
    0.6013144030570984,
    0.5879330086708069,
    0.5832746648788452,
    0.5761260714530945,
    0.5654521994590759,
    0.5638153162002564,
    0.561689311504364,
    0.5483260469436646,
    0.5413683042526245,
    0.5381276540756226,
    0.5333893575668335,
    0.5233483104705811,
    0.534450213432312,
    0.5347535791397094,
    0.5231424360275269,
    0.5137720408439637,
    0.5288750858306884,
    0.5149348640441894,
    0.5238298668861389,
    0.5288561434745789,
    0.5072995491027832,
    0.5109824705123901,
    0.5183702387809753,
    0.5068991580009461,
    0.5181803846359253,
    0.5130898699760437,
    0.5047416672706604,
    0.5033286852836609,
    0.49536733531951904,
    0.49947950267791746,
    0.4977065944671631,
    0.49893926906585695,
    0.495498984336853,
    0.4886885423660278,
    0.5003323030471801
  ],
  "grad_evals": [
    47,
    94,
    141,
    188,
    235,
    282,
    329,
    376,
    423,
    470,
    517,
    564,
    611,
    658,
    705,
    752,
    799,
    846,
    893,
    940,
    987,
    1034,
    1081,
    1128,
    1175,
    1222,
    1269,
    1316,
    1363,
    1410,
    1457,
    1504,
    1551,
    1598,
    1645,
    1692,
    1739,
    1786,
    1833,
    1880
  ],
  "wall_clock_s": [
    0.21102902200004792,
    0.42123861100003523,
    0.6585760370001026,
    0.9077860820000296,
    1.1324218310001015,
    1.3601377909999428,
    1.5846569780001118,
    1.7952815040000587,
    2.0028501970000434,
    2.215887692000024,
    2.595402368000123,
    2.80806644900008,
    3.015642828999944,
    3.2248728360000314,
    3.429470707000064,
    3.633518745999936,
    3.843374783999934,
    4.047378029000129,
    4.254121182000063,
    4.469711092000125,
    4.68398534500011,
    4.8960855790001006,
    5.103689911999936,
    5.312964245000103,
    5.517090197000016,
    5.733130962000132,
    5.9389403239999865,
    6.146263099999942,
    6.525182684000129,
    6.746229262000043,
    6.953158518000009,
    7.162117252000144,
    7.367249422999976,
    7.57565777800005,
    7.781840042000113,
    7.987944031000097,
    8.191920141000082,
    8.403198275000022,
    8.61709539100002,
    8.848792442000104
  ],
  "total_grad_evals": 1880,
  "best_val_loss": 0.4886885423660278,
  "n_epochs_run": 40,
  "test_metrics": {
    "accuracy": 0.7865,
    "macro_f1": 0.6567327701599267,
    "balanced_acc": 0.636515562271457,
    "confusion_matrix": [
      [
        1061,
        330,
        0,
        0,
        2,
        1,
        30
      ],
      [
        242,
        1686,
        15,
        0,
        11,
        18,
        0
      ],
      [
        0,
        19,
        190,
        4,
        0,
        36,
        0
      ],
      [
        0,
        0,
        6,
        7,
        0,
        3,
        0
      ],
      [
        3,
        35,
        2,
        0,
        24,
        2,
        0
      ],
      [
        0,
        20,
        45,
        2,
        0,
        64,
        0
      ],
      [
        26,
        2,
        0,
        0,
        0,
        0,
        114
      ]
    ],
    "per_class_report": {
      "CT1": {
        "precision": 0.7965465465465466,
        "recall": 0.7450842696629213,
        "f1-score": 0.7699564586357039,
        "support": 1424.0
      },
      "CT2": {
        "precision": 0.8059273422562141,
        "recall": 0.8549695740365112,
        "f1-score": 0.8297244094488189,
        "support": 1972.0
      },
      "CT3": {
        "precision": 0.7364341085271318,
        "recall": 0.7630522088353414,
        "f1-score": 0.7495069033530573,
        "support": 249.0
      },
      "CT4": {
        "precision": 0.5384615384615384,
        "recall": 0.4375,
        "f1-score": 0.4827586206896552,
        "support": 16.0
      },
      "CT5": {
        "precision": 0.6486486486486487,
        "recall": 0.36363636363636365,
        "f1-score": 0.46601941747572817,
        "support": 66.0
      },
      "CT6": {
        "precision": 0.5161290322580645,
        "recall": 0.48854961832061067,
        "f1-score": 0.5019607843137255,
        "support": 131.0
      },
      "CT7": {
        "precision": 0.7916666666666666,
        "recall": 0.8028169014084507,
        "f1-score": 0.7972027972027972,
        "support": 142.0
      },
      "accuracy": 0.7865,
      "macro avg": {
        "precision": 0.6905448404806872,
        "recall": 0.636515562271457,
        "f1-score": 0.6567327701599267,
        "support": 4000.0
      },
      "weighted avg": {
        "precision": 0.7845997148883651,
        "recall": 0.7865,
        "f1-score": 0.784175707724388,
        "support": 4000.0
      }
    }
  }
}