{
  "run_name": "part3_dropout_0.2_seed7",
  "seed": 7,
  "train_loss": [
    1.2434097162882487,
    0.8150960105260213,
    0.76079847129186,
    0.7297597977320354,
    0.7042076926231384,
    0.6841507382392883,
    0.6788916867574056,
    0.6685717072486878,
    0.6551305804252624,
    0.6404450195630391,
    0.6424453667004904,
    0.628228528658549,
    0.6236868278185527,
    0.6189027225176493,
    0.616003853003184,
    0.6062241423924764,
    0.6020460025469462,
    0.5972210439046224,
    0.5962010293006897,
    0.5940318153699239,
    0.5907003149986267,
    0.5881906425158183,
    0.5787055614789327,
    0.5724487961133321,
    0.569705817858378,
    0.5688036274909973,
    0.5641094400087993,
    0.5591538678805034,
    0.5588460373878479,
    0.5542386905352275,
    0.5462460099856059,
    0.5463521441618602,
    0.5421374020576477,
    0.5448735141754151,
    0.5380526541074117,
    0.5352781149546305,
    0.527259870370229,
    0.5287811541557312,
    0.5306827675501505,
    0.5237638703982035
  ],
  "val_loss": [
    0.7924528307914734,
    0.7121976623535157,
    0.6764861440658569,
    0.6568419504165649,
    0.6418122172355651,
    0.635184371471405,
    0.6216741600036622,
    0.6143904156684875,
    0.6095665273666382,
    0.5989801568984985,
    0.5975090532302857,
    0.5933929505348206,
    0.5844320421218872,
    0.5848320393562317,
    0.5787891325950623,
    0.5737347760200501,
    0.5711217832565307,
    0.5675959377288818,
    0.5626464886665344,
    0.5629870543479919,
    0.5582851305007934,
    0.555507077217102,
    0.5511545553207398,
    0.5493420286178589,
    0.5530793600082398,
    0.5432462816238404,
    0.5454842748641968,
    0.5372438144683838,
    0.541631443977356,
    0.5338631191253662,
    0.5311187086105347,
    0.531486102104187,
    0.5275697722434998,
    0.528669493675232,
    0.5272524895668029,
    0.5239739770889282,
    0.5224080281257629,
    0.5177007265090943,
    0.5193216333389282,
    0.5181020421981811
  ],
  "grad_evals": [
    47,
    94,
    141,
    188,
    235,
    282,
    329,
    376,
    423,
    470,
    517,
    564,
    611,
    658,
    705,
    752,
    799,
    846,
    893,
    940,
    987,
    1034,
    1081,
    1128,
    1175,
    1222,
    1269,
    1316,
    1363,
    1410,
    1457,
    1504,
    1551,
    1598,
    1645,
    1692,
    1739,
    1786,
    1833,
    1880
  ],
  "wall_clock_s": [
    0.44038761100000556,
    0.7234883109999828,
    1.007439358999818,
    1.2885502829999496,
    1.5697138629998335,
    1.8541353559999152,
    2.133673680999891,
    2.412850363999951,
    2.6862802539999393,
    2.9662177969998993,
    3.2472650349998275,
    3.5296133279998685,
    3.8156814639999084,
    4.099705332999974,
    4.378584395999951,
    4.6671840679998695,
    4.9558835640000325,
    5.403300925999929,
    5.6882829969999875,
    5.965167587999986,
    6.249336079999921,
    6.529339068999889,
    6.8087397539998165,
    7.108354918000032,
    7.384791682000014,
    7.663183033999985,
    7.947677395000028,
    8.238428317999933,
    8.54336492099992,
    8.833310202999883,
    9.117118606999838,
    9.405660463999993,
    9.69279419999998,
    9.982102273999999,
    10.287831792999896,
    10.757200322000017,
    11.07577159099992,
    11.386404691999815,
    11.678332588999865,
    11.972277952000013
  ],
  "total_grad_evals": 1880,
  "best_val_loss": 0.5177007265090943,
  "n_epochs_run": 40,
  "test_metrics": {
    "accuracy": 0.7595,
    "macro_f1": 0.5515028227093738,
    "balanced_acc": 0.5360203589141884,
    "confusion_matrix": [
      [
        1033,
        360,
        0,
        0,
        0,
        1,
        30
      ],
      [
        283,
        1633,
        26,
        0,
        7,
        20,
        3
      ],
      [
        0,
        14,
        211,
        2,
        0,
        22,
        0
      ],
      [
        0,
        0,
        11,
        2,
        0,
        3,
        0
      ],
      [
        1,
        50,
        3,
        0,
        10,
        2,
        0
      ],
      [
        0,
        13,
        74,
        1,
        0,
        43,
        0
      ],
      [
        35,
        1,
        0,
        0,
        0,
        0,
        106
      ]
    ],
    "per_class_report": {
      "CT1": {
        "precision": 0.7640532544378699,
        "recall": 0.7254213483146067,
        "f1-score": 0.7442363112391931,
        "support": 1424.0
      },
      "CT2": {
        "precision": 0.7885079671656204,
        "recall": 0.8280933062880325,
        "f1-score": 0.8078159782339847,
        "support": 1972.0
      },
      "CT3": {
        "precision": 0.6492307692307693,
        "recall": 0.8473895582329317,
        "f1-score": 0.735191637630662,
        "support": 249.0
      },
      "CT4": {
        "precision": 0.4,
        "recall": 0.125,
        "f1-score": 0.19047619047619047,
        "support": 16.0
      },
      "CT5": {
        "precision": 0.5882352941176471,
        "recall": 0.15151515151515152,
        "f1-score": 0.24096385542168675,
        "support": 66.0
      },
      "CT6": {
        "precision": 0.4725274725274725,
        "recall": 0.3282442748091603,
        "f1-score": 0.38738738738738737,
        "support": 131.0
      },
      "CT7": {
        "precision": 0.762589928057554,
        "recall": 0.7464788732394366,
        "f1-score": 0.7544483985765125,
        "support": 142.0
      },
      "accuracy": 0.7595,
      "macro avg": {
        "precision": 0.6321635265052762,
        "recall": 0.5360203589141884,
        "f1-score": 0.5515028227093738,
        "support": 4000.0
      },
      "weighted avg": {
        "precision": 0.7550051013014071,
        "recall": 0.7595,
        "f1-score": 0.7531747469757817,
        "support": 4000.0
      }
    }
  }
}