{
  "run_name": "part2_adamw_seed123",
  "seed": 123,
  "train_loss": [
    1.1025823758443196,
    0.7051666547457377,
    0.6539531443913777,
    0.6283255740801493,
    0.6061390150388082,
    0.5920445659955342,
    0.574189000527064,
    0.5643227461179098,
    0.5550690724054972,
    0.5406939771970113,
    0.5337152738571167,
    0.5277983754475911,
    0.5165487138430277,
    0.5097661942640941,
    0.4987837696870168,
    0.49387738641103107,
    0.4853390137354533,
    0.47899269382158915,
    0.47374854421615603,
    0.4694381356239319,
    0.4608158291180929,
    0.45612436135609946,
    0.4506485606034597,
    0.4516532617410024,
    0.443304208278656,
    0.4372764103412628,
    0.43296911716461184,
    0.42616352446873984,
    0.4230608400503794,
    0.4164200553099314,
    0.4122394734223684,
    0.406475128253301,
    0.4063410569826762,
    0.39913105114301045,
    0.3955833340485891,
    0.3951535701751709,
    0.3918521543343862,
    0.38558312503496806,
    0.3845527824560801,
    0.37814190085728966
  ],
  "val_loss": [
    0.7535743398666381,
    0.6737197842597962,
    0.6434826231002808,
    0.6218123497962952,
    0.6115735549926757,
    0.5948282475471497,
    0.5821765375137329,
    0.5794361052513123,
    0.5665795536041259,
    0.5604965505599976,
    0.5546387348175049,
    0.549862952709198,
    0.5458904900550843,
    0.5356499876976013,
    0.5264936900138855,
    0.5296861276626587,
    0.5198312029838562,
    0.5187302222251892,
    0.5223989586830139,
    0.5153218636512756,
    0.5179311590194702,
    0.509860541343689,
    0.5095304865837097,
    0.5129904794692993,
    0.5046924061775208,
    0.5087205410003662,
    0.5070459022521973,
    0.5058810153007507,
    0.49999591207504274,
    0.4944562883377075,
    0.4998530192375183,
    0.4988337037563324,
    0.4989805874824524,
    0.4916041789054871,
    0.49945913171768186,
    0.4888244061470032,
    0.4929600133895874,
    0.4974062581062317,
    0.4918645853996277,
    0.4953411226272583
  ],
  "grad_evals": [
    47,
    94,
    141,
    188,
    235,
    282,
    329,
    376,
    423,
    470,
    517,
    564,
    611,
    658,
    705,
    752,
    799,
    846,
    893,
    940,
    987,
    1034,
    1081,
    1128,
    1175,
    1222,
    1269,
    1316,
    1363,
    1410,
    1457,
    1504,
    1551,
    1598,
    1645,
    1692,
    1739,
    1786,
    1833,
    1880
  ],
  "wall_clock_s": [
    0.38185589599993364,
    0.5869914200000039,
    0.7918925650001256,
    0.996365816999969,
    1.211033721999911,
    1.4291985289999047,
    1.637081219000038,
    1.8492299980000553,
    2.0568849450000926,
    2.2659176869999555,
    2.4735254970000824,
    2.678093527000101,
    2.8850375550000535,
    3.0976779719999286,
    3.3051824609999585,
    3.52295922899998,
    3.733851057000038,
    3.95328729400012,
    4.333162421999987,
    4.54499642299993,
    4.750740195999924,
    4.954589289000069,
    5.158704575000002,
    5.362030838999999,
    5.569259329000033,
    5.776887680000073,
    5.981933868999931,
    6.189862089999906,
    6.399114225999938,
    6.60603836700011,
    6.817738849000079,
    7.027411379000114,
    7.233884196999952,
    7.443265778000068,
    7.653089568000041,
    7.8610587390001,
    8.241716822999933,
    8.445903612999928,
    8.659623710000005,
    8.867717674000005
  ],
  "total_grad_evals": 1880,
  "best_val_loss": 0.4888244061470032,
  "n_epochs_run": 40,
  "test_metrics": {
    "accuracy": 0.7825,
    "macro_f1": 0.5962793330980548,
    "balanced_acc": 0.5609344110611538,
    "confusion_matrix": [
      [
        1122,
        280,
        0,
        0,
        0,
        1,
        21
      ],
      [
        291,
        1646,
        14,
        0,
        2,
        19,
        0
      ],
      [
        1,
        21,
        187,
        2,
        0,
        38,
        0
      ],
      [
        0,
        0,
        11,
        3,
        0,
        2,
        0
      ],
      [
        3,
        44,
        2,
        0,
        15,
        2,
        0
      ],
      [
        0,
        19,
        56,
        1,
        0,
        55,
        0
      ],
      [
        37,
        3,
        0,
        0,
        0,
        0,
        102
      ]
    ],
    "per_class_report": {
      "CT1": {
        "precision": 0.7716643741403026,
        "recall": 0.7879213483146067,
        "f1-score": 0.7797081306462822,
        "support": 1424.0
      },
      "CT2": {
        "precision": 0.8176850471932439,
        "recall": 0.834685598377282,
        "f1-score": 0.8260978670012548,
        "support": 1972.0
      },
      "CT3": {
        "precision": 0.6925925925925925,
        "recall": 0.751004016064257,
        "f1-score": 0.720616570327553,
        "support": 249.0
      },
      "CT4": {
        "precision": 0.5,
        "recall": 0.1875,
        "f1-score": 0.2727272727272727,
        "support": 16.0
      },
      "CT5": {
        "precision": 0.8823529411764706,
        "recall": 0.22727272727272727,
        "f1-score": 0.3614457831325301,
        "support": 66.0
      },
      "CT6": {
        "precision": 0.4700854700854701,
        "recall": 0.4198473282442748,
        "f1-score": 0.4435483870967742,
        "support": 131.0
      },
      "CT7": {
        "precision": 0.8292682926829268,
        "recall": 0.7183098591549296,
        "f1-score": 0.769811320754717,
        "support": 142.0
      },
      "accuracy": 0.7825,
      "macro avg": {
        "precision": 0.7090926739815723,
        "recall": 0.5609344110611538,
        "f1-score": 0.5962793330980548,
        "support": 4000.0
      },
      "weighted avg": {
        "precision": 0.7823382814140607,
        "recall": 0.7825,
        "f1-score": 0.778610000521393,
        "support": 4000.0
      }
    }
  }
}