{
  "run_name": "part3_dropout_0.3_seed42",
  "seed": 42,
  "train_loss": [
    1.43160480260849,
    0.8836328101158142,
    0.8196058479944864,
    0.7883115900357565,
    0.7608958497047424,
    0.7370728742281596,
    0.7169697403907775,
    0.7096907281875611,
    0.6899993721644083,
    0.6742900681495666,
    0.6717615812619527,
    0.6682824387550353,
    0.661349569161733,
    0.6547762107849121,
    0.6476699611345927,
    0.6412522381146749,
    0.645559552192688,
    0.6296521884600321,
    0.6359032909075419,
    0.6231507317225138,
    0.6160499237378438,
    0.6157674489021301,
    0.6138718539873759,
    0.6092741607030233,
    0.608725649356842,
    0.601234388033549,
    0.6020228924751282,
    0.598907052675883,
    0.5980110615094503,
    0.5913177431424459,
    0.5933049925168355,
    0.5911614583333333,
    0.5810182135899862,
    0.5841840297381083,
    0.576211705048879,
    0.5764808047612509,
    0.5688339678446451,
    0.5728242152531942,
    0.5714209933280945,
    0.5646319500605266
  ],
  "val_loss": [
    0.8383294439315796,
    0.7298646502494812,
    0.7021945419311524,
    0.6865460858345032,
    0.6704101724624634,
    0.6549469094276428,
    0.6509963059425354,
    0.6405062704086304,
    0.6332244257926941,
    0.6281593046188354,
    0.6222283992767333,
    0.6192662830352783,
    0.6135881748199463,
    0.608149603843689,
    0.6031992177963257,
    0.6002186007499695,
    0.5984903087615967,
    0.5930690894126892,
    0.592504729270935,
    0.5877718830108642,
    0.5837989339828491,
    0.5811912450790405,
    0.5787031373977661,
    0.573449061870575,
    0.5731778421401977,
    0.5704954957962036,
    0.5670442337989807,
    0.5650800671577454,
    0.5636550254821777,
    0.5609721384048462,
    0.5591487684249878,
    0.5602750897407531,
    0.5559907069206238,
    0.5523376274108887,
    0.5504118394851685,
    0.5473871450424195,
    0.5471155977249146,
    0.544160427570343,
    0.5434406714439393,
    0.5432821822166443
  ],
  "grad_evals": [
    47,
    94,
    141,
    188,
    235,
    282,
    329,
    376,
    423,
    470,
    517,
    564,
    611,
    658,
    705,
    752,
    799,
    846,
    893,
    940,
    987,
    1034,
    1081,
    1128,
    1175,
    1222,
    1269,
    1316,
    1363,
    1410,
    1457,
    1504,
    1551,
    1598,
    1645,
    1692,
    1739,
    1786,
    1833,
    1880
  ],
  "wall_clock_s": [
    0.2976018930000919,
    0.5875596190001033,
    0.8802270450000833,
    1.1694920600000387,
    1.4580389150000883,
    1.7434779029999845,
    2.031495427999971,
    2.3282178199999635,
    2.62760789999993,
    2.923499822999929,
    3.21519861999991,
    3.5108817509999426,
    3.8003353189999416,
    4.253630151999914,
    4.5517642449999585,
    4.849024014999941,
    5.162020755999947,
    5.474220589999959,
    5.7690558829999645,
    6.055021494999892,
    6.339395303999936,
    6.624965895000059,
    6.915742707999925,
    7.209160315999952,
    7.507028394999907,
    7.796522381999921,
    8.086372647999951,
    8.38009113299995,
    8.669038156999932,
    8.958833377000019,
    9.413347596999984,
    9.714567969999962,
    10.008537581999917,
    10.302208815000085,
    10.608635576000097,
    10.902602240000078,
    11.206004112000073,
    11.508560592000094,
    11.816181677000031,
    12.114411522999944
  ],
  "total_grad_evals": 1880,
  "best_val_loss": 0.5432821822166443,
  "n_epochs_run": 40,
  "test_metrics": {
    "accuracy": 0.7465,
    "macro_f1": 0.5270426136097713,
    "balanced_acc": 0.5184864457969844,
    "confusion_matrix": [
      [
        999,
        385,
        0,
        0,
        1,
        1,
        38
      ],
      [
        294,
        1619,
        27,
        0,
        5,
        26,
        1
      ],
      [
        0,
        13,
        215,
        1,
        0,
        20,
        0
      ],
      [
        0,
        0,
        11,
        1,
        0,
        4,
        0
      ],
      [
        0,
        49,
        3,
        0,
        11,
        3,
        0
      ],
      [
        0,
        17,
        76,
        2,
        0,
        36,
        0
      ],
      [
        36,
        1,
        0,
        0,
        0,
        0,
        105
      ]
    ],
    "per_class_report": {
      "CT1": {
        "precision": 0.7516930022573364,
        "recall": 0.7015449438202247,
        "f1-score": 0.7257537232110425,
        "support": 1424.0
      },
      "CT2": {
        "precision": 0.7768714011516314,
        "recall": 0.8209939148073022,
        "f1-score": 0.7983234714003945,
        "support": 1972.0
      },
      "CT3": {
        "precision": 0.6475903614457831,
        "recall": 0.8634538152610441,
        "f1-score": 0.7401032702237521,
        "support": 249.0
      },
      "CT4": {
        "precision": 0.25,
        "recall": 0.0625,
        "f1-score": 0.1,
        "support": 16.0
      },
      "CT5": {
        "precision": 0.6470588235294118,
        "recall": 0.16666666666666666,
        "f1-score": 0.26506024096385544,
        "support": 66.0
      },
      "CT6": {
        "precision": 0.4,
        "recall": 0.2748091603053435,
        "f1-score": 0.3257918552036199,
        "support": 131.0
      },
      "CT7": {
        "precision": 0.7291666666666666,
        "recall": 0.7394366197183099,
        "f1-score": 0.7342657342657343,
        "support": 142.0
      },
      "accuracy": 0.7465,
      "macro avg": {
        "precision": 0.6003400364358328,
        "recall": 0.5184864457969844,
        "f1-score": 0.5270426136097713,
        "support": 4000.0
      },
      "weighted avg": {
        "precision": 0.741574696826268,
        "recall": 0.7465,
        "f1-score": 0.73952283623521,
        "support": 4000.0
      }
    }
  }
}