{
  "run_name": "part3_best_combo_seed7",
  "seed": 7,
  "train_loss": [
    1.4067739044825236,
    1.092929604212443,
    1.0590317144393921,
    1.0304774602254232,
    1.014928742090861,
    1.0007471777598063,
    0.992646835009257,
    0.9887863810857137,
    0.9778098766009012,
    0.9682492524782816,
    0.9633743987083435,
    0.9625641431808472,
    0.9543338432312012,
    0.9455805400212606,
    0.9476530510584513,
    0.9435781032244365,
    0.9402120854059856,
    0.9387145732243856,
    0.9343927591641744,
    0.9302689514160156,
    0.9249770695368449,
    0.9248586915334066,
    0.917528268178304,
    0.9196891158421834,
    0.9129389425913493,
    0.9112940375010172,
    0.9139026975631714,
    0.9090481293996175,
    0.902284852663676,
    0.9019058496157328,
    0.8999289553960165,
    0.8975761906305949,
    0.8950067049662273,
    0.8932236274083455,
    0.8900401331583658,
    0.8895592139561971,
    0.886277234395345,
    0.884544164498647,
    0.8808427373568217,
    0.8791646684010823
  ],
  "val_loss": [
    1.0331471376419068,
    0.9846358356475831,
    0.9698419027328491,
    0.9555348224639892,
    0.9497583818435669,
    0.9423242645263672,
    0.9371623268127441,
    0.9312372875213623,
    0.9283290033340454,
    0.9244762001037597,
    0.9203920531272888,
    0.917420690536499,
    0.9141862754821777,
    0.9121176400184632,
    0.9106119122505189,
    0.9072546830177307,
    0.9055499339103699,
    0.9012503685951233,
    0.8997972664833069,
    0.8984635515213013,
    0.8965984592437745,
    0.8966430287361145,
    0.8923427248001099,
    0.8885374488830566,
    0.8888285045623779,
    0.8879092597961425,
    0.8875285687446595,
    0.8830739097595215,
    0.8804044365882874,
    0.8788925104141235,
    0.8771025857925415,
    0.875465313911438,
    0.8720764474868774,
    0.871406213760376,
    0.8698850746154785,
    0.8668049645423889,
    0.8666730966567994,
    0.8644299254417419,
    0.8642592239379883,
    0.8614192304611206
  ],
  "grad_evals": [
    47,
    94,
    141,
    188,
    235,
    282,
    329,
    376,
    423,
    470,
    517,
    564,
    611,
    658,
    705,
    752,
    799,
    846,
    893,
    940,
    987,
    1034,
    1081,
    1128,
    1175,
    1222,
    1269,
    1316,
    1363,
    1410,
    1457,
    1504,
    1551,
    1598,
    1645,
    1692,
    1739,
    1786,
    1833,
    1880
  ],
  "wall_clock_s": [
    0.30930215200010025,
    0.6175834079999731,
    0.9182757730000048,
    1.2277224260001276,
    1.5538680530000875,
    1.8793679990001237,
    2.189951290000181,
    2.4982648990001053,
    2.8075849350000226,
    3.1313796280001043,
    3.4470249470000454,
    3.7401480340001854,
    4.040366962000007,
    4.334158267000021,
    4.786757398000191,
    5.079252346999965,
    5.372654848000138,
    5.682095332000017,
    5.979576209000015,
    6.278764563000095,
    6.586185640000167,
    6.88284048100013,
    7.17747681700007,
    7.490010789000053,
    7.797516186000166,
    8.093989694000129,
    8.379547559999992,
    8.66361132100019,
    8.95684644500011,
    9.249988857000062,
    9.541245152000101,
    9.837356387,
    10.279671473000008,
    10.584126078000054,
    10.891807150999966,
    11.20371970300016,
    11.518591209000078,
    11.83379561300012,
    12.143542997000168,
    12.454056417000174
  ],
  "total_grad_evals": 1880,
  "best_val_loss": 0.8614192304611206,
  "n_epochs_run": 40,
  "test_metrics": {
    "accuracy": 0.75725,
    "macro_f1": 0.5344246220690797,
    "balanced_acc": 0.5178967442635323,
    "confusion_matrix": [
      [
        1032,
        363,
        0,
        0,
        0,
        1,
        28
      ],
      [
        276,
        1642,
        25,
        0,
        1,
        26,
        2
      ],
      [
        0,
        15,
        195,
        1,
        0,
        38,
        0
      ],
      [
        0,
        0,
        10,
        1,
        0,
        5,
        0
      ],
      [
        1,
        52,
        2,
        0,
        9,
        2,
        0
      ],
      [
        0,
        16,
        64,
        1,
        0,
        50,
        0
      ],
      [
        41,
        1,
        0,
        0,
        0,
        0,
        100
      ]
    ],
    "per_class_report": {
      "CT1": {
        "precision": 0.7644444444444445,
        "recall": 0.7247191011235955,
        "f1-score": 0.7440519105984138,
        "support": 1424.0
      },
      "CT2": {
        "precision": 0.7860220201053135,
        "recall": 0.8326572008113591,
        "f1-score": 0.8086678158089141,
        "support": 1972.0
      },
      "CT3": {
        "precision": 0.6587837837837838,
        "recall": 0.7831325301204819,
        "f1-score": 0.7155963302752294,
        "support": 249.0
      },
      "CT4": {
        "precision": 0.3333333333333333,
        "recall": 0.0625,
        "f1-score": 0.10526315789473684,
        "support": 16.0
      },
      "CT5": {
        "precision": 0.9,
        "recall": 0.13636363636363635,
        "f1-score": 0.23684210526315788,
        "support": 66.0
      },
      "CT6": {
        "precision": 0.4098360655737705,
        "recall": 0.3816793893129771,
        "f1-score": 0.3952569169960474,
        "support": 131.0
      },
      "CT7": {
        "precision": 0.7692307692307693,
        "recall": 0.704225352112676,
        "f1-score": 0.7352941176470589,
        "support": 142.0
      },
      "accuracy": 0.75725,
      "macro avg": {
        "precision": 0.6602357737816307,
        "recall": 0.5178967442635323,
        "f1-score": 0.5344246220690797,
        "support": 4000.0
      },
      "weighted avg": {
        "precision": 0.757573525463249,
        "recall": 0.75725,
        "f1-score": 0.7514781375029752,
        "support": 4000.0
      }
    }
  }
}