{
  "run_name": "part3_l2_1e-4_seed123",
  "seed": 123,
  "train_loss": [
    1.107978709379832,
    0.702498629728953,
    0.6534046924908956,
    0.6266384542783101,
    0.6070899759928385,
    0.5883227440516154,
    0.5778669315973918,
    0.5626833109855652,
    0.5520897634824117,
    0.5389397949377696,
    0.5343100473086039,
    0.5223782293001811,
    0.5174370382626852,
    0.5109882584412893,
    0.5009301907221476,
    0.4926202209790548,
    0.485546937306722,
    0.4756355051199595,
    0.47438073174158735,
    0.4737216402689616,
    0.4611013623873393,
    0.46276724950472514,
    0.4510132443904877,
    0.4431542909940084,
    0.43912346251805623,
    0.4316566963195801,
    0.43033566808700563,
    0.42453888257344563,
    0.4238958166440328,
    0.4148154189586639,
    0.4140486263434092,
    0.4067513412634532,
    0.4032207537492116,
    0.3986914894580841,
    0.3959886778195699,
    0.39367406702041624,
    0.38309840965270997,
    0.38774243036905925,
    0.3770516699155172,
    0.37901923807462057
  ],
  "val_loss": [
    0.7517644505500793,
    0.6697305450439454,
    0.6419163885116577,
    0.6208056173324585,
    0.6095307230949402,
    0.5907791547775268,
    0.5829430522918702,
    0.5713642029762268,
    0.5700169115066528,
    0.555281243801117,
    0.5491635174751281,
    0.5453558049201965,
    0.5488591752052308,
    0.5414016427993774,
    0.5325126695632935,
    0.5362112612724305,
    0.5296447505950928,
    0.5219777936935425,
    0.5213179845809937,
    0.5222976679801941,
    0.5246690874099731,
    0.5260824537277222,
    0.5211039009094238,
    0.5141468572616578,
    0.5086386713981629,
    0.5112124552726746,
    0.5003311848640442,
    0.5087651004791259,
    0.5029442682266235,
    0.5009491062164306,
    0.5068529472351074,
    0.4953127481937408,
    0.49834890937805176,
    0.4883129587173462,
    0.4969813375473022,
    0.4979695453643799,
    0.4973972520828247,
    0.48079918813705447,
    0.4912774219512939,
    0.49651805114746095
  ],
  "grad_evals": [
    47,
    94,
    141,
    188,
    235,
    282,
    329,
    376,
    423,
    470,
    517,
    564,
    611,
    658,
    705,
    752,
    799,
    846,
    893,
    940,
    987,
    1034,
    1081,
    1128,
    1175,
    1222,
    1269,
    1316,
    1363,
    1410,
    1457,
    1504,
    1551,
    1598,
    1645,
    1692,
    1739,
    1786,
    1833,
    1880
  ],
  "wall_clock_s": [
    0.21299434999991718,
    0.4257039239998903,
    0.6488386369999262,
    0.8675128630000017,
    1.0788859270001012,
    1.289953892000085,
    1.6625130400000216,
    1.8718276289998812,
    2.0812475969999014,
    2.2952855440000803,
    2.5065509989999555,
    2.7260586150000563,
    2.9368728029999147,
    3.1617901419999725,
    3.3713705190000383,
    3.584246799000084,
    3.7955238209999607,
    4.008869227000105,
    4.22375866099992,
    4.442543321999892,
    4.656250414999931,
    4.866829121999899,
    5.087224017999915,
    5.30689858300002,
    5.694807058999913,
    5.909688084999971,
    6.120984050000061,
    6.337744229000009,
    6.560343486999955,
    6.776417133999985,
    6.9952103799998895,
    7.213262605999944,
    7.43912573800003,
    7.648700099000052,
    7.863788739000029,
    8.080618933000096,
    8.294704805000038,
    8.516867777000016,
    8.734862125000063,
    8.953481649999958
  ],
  "total_grad_evals": 1880,
  "best_val_loss": 0.48079918813705447,
  "n_epochs_run": 40,
  "test_metrics": {
    "accuracy": 0.78425,
    "macro_f1": 0.6359750196408859,
    "balanced_acc": 0.6015921242945852,
    "confusion_matrix": [
      [
        1069,
        335,
        0,
        0,
        1,
        1,
        18
      ],
      [
        251,
        1688,
        17,
        0,
        5,
        10,
        1
      ],
      [
        1,
        20,
        204,
        2,
        0,
        22,
        0
      ],
      [
        0,
        0,
        7,
        7,
        0,
        2,
        0
      ],
      [
        3,
        44,
        2,
        0,
        16,
        1,
        0
      ],
      [
        0,
        23,
        58,
        3,
        0,
        47,
        0
      ],
      [
        34,
        2,
        0,
        0,
        0,
        0,
        106
      ]
    ],
    "per_class_report": {
      "CT1": {
        "precision": 0.7871870397643593,
        "recall": 0.7507022471910112,
        "f1-score": 0.7685118619698059,
        "support": 1424.0
      },
      "CT2": {
        "precision": 0.7992424242424242,
        "recall": 0.8559837728194726,
        "f1-score": 0.8266405484818805,
        "support": 1972.0
      },
      "CT3": {
        "precision": 0.7083333333333334,
        "recall": 0.8192771084337349,
        "f1-score": 0.7597765363128491,
        "support": 249.0
      },
      "CT4": {
        "precision": 0.5833333333333334,
        "recall": 0.4375,
        "f1-score": 0.5,
        "support": 16.0
      },
      "CT5": {
        "precision": 0.7272727272727273,
        "recall": 0.24242424242424243,
        "f1-score": 0.36363636363636365,
        "support": 66.0
      },
      "CT6": {
        "precision": 0.5662650602409639,
        "recall": 0.35877862595419846,
        "f1-score": 0.4392523364485981,
        "support": 131.0
      },
      "CT7": {
        "precision": 0.848,
        "recall": 0.7464788732394366,
        "f1-score": 0.7940074906367042,
        "support": 142.0
      },
      "accuracy": 0.78425,
      "macro avg": {
        "precision": 0.7170905597410202,
        "recall": 0.6015921242945852,
        "f1-score": 0.6359750196408859,
        "support": 4000.0
      },
      "weighted avg": {
        "precision": 0.781341365363852,
        "recall": 0.78425,
        "f1-score": 0.7789928825845874,
        "support": 4000.0
      }
    }
  }
}