{
  "run_name": "part2_adam_no_bias_seed123",
  "seed": 123,
  "train_loss": [
    0.851622289498647,
    0.6429272066752116,
    0.6048893183072408,
    0.5761114852428436,
    0.5606838192939758,
    0.5463382287025451,
    0.5329709666570027,
    0.5172274724642436,
    0.5034752179781596,
    0.49532534257570904,
    0.4903836518128713,
    0.477393611351649,
    0.4686447596549988,
    0.4604071630636851,
    0.45531666549046834,
    0.45102121090888975,
    0.44017919174830117,
    0.434355056365331,
    0.42678529103597007,
    0.42036847154299417,
    0.41945054308573404,
    0.4083557947476705,
    0.40489791226387023,
    0.39844304315249124,
    0.3899836246967316,
    0.38811205625534057,
    0.38067754340171817,
    0.3788374629020691,
    0.3744189286231995,
    0.36940267888704936,
    0.3623902815183004,
    0.3644398763179779,
    0.3560416289170583,
    0.3519531683921814,
    0.35150642863909404,
    0.35116006286938983,
    0.34225530687967937,
    0.3392704288959503,
    0.33682514627774557,
    0.3334028228918711
  ],
  "val_loss": [
    0.6563999633789063,
    0.641601565361023,
    0.5903893332481385,
    0.571059072971344,
    0.5654087362289428,
    0.55107390832901,
    0.547842290878296,
    0.5425550208091736,
    0.5351681666374206,
    0.5337756485939026,
    0.5167908878326416,
    0.5145014867782592,
    0.5123726897239685,
    0.5083563137054443,
    0.5061611642837525,
    0.505474404335022,
    0.49964145374298097,
    0.49916499185562135,
    0.4984458711147308,
    0.4995958218574524,
    0.4913829860687256,
    0.5010300178527832,
    0.4921509475708008,
    0.48850935649871824,
    0.49073383474349974,
    0.49444748544692996,
    0.4906152257919312,
    0.4838977143764496,
    0.4885130014419556,
    0.4824596252441406,
    0.48453798961639405,
    0.48609740924835204,
    0.48645331740379333,
    0.49291449117660524,
    0.5024888937473297,
    0.494635639667511,
    0.49421364831924436,
    0.48684020519256593,
    0.5066053066253662,
    0.489758584022522
  ],
  "grad_evals": [
    47,
    94,
    141,
    188,
    235,
    282,
    329,
    376,
    423,
    470,
    517,
    564,
    611,
    658,
    705,
    752,
    799,
    846,
    893,
    940,
    987,
    1034,
    1081,
    1128,
    1175,
    1222,
    1269,
    1316,
    1363,
    1410,
    1457,
    1504,
    1551,
    1598,
    1645,
    1692,
    1739,
    1786,
    1833,
    1880
  ],
  "wall_clock_s": [
    0.22621977800008608,
    0.4381557750000411,
    0.6511645440000393,
    0.8613342600001488,
    1.0793955230001302,
    1.29518031900011,
    1.522913337000091,
    1.7513520340000923,
    1.9697086430001036,
    2.364031131000047,
    2.578036699999984,
    2.7792922969999836,
    2.9844822720001503,
    3.188008381000145,
    3.3955344350001724,
    3.603711399000076,
    3.8159106420000626,
    4.017728915000134,
    4.218367916000034,
    4.417646011999977,
    4.623805116000085,
    4.823734803999969,
    5.0219593730000724,
    5.228231164000135,
    5.4383677560001615,
    5.64222557800008,
    5.842650603000038,
    6.209013564000088,
    6.41291561800017,
    6.621841467999957,
    6.82675766300008,
    7.024699921000092,
    7.228156422999973,
    7.432985273999975,
    7.643607273000043,
    7.848321849000058,
    8.047593902000017,
    8.247535150999965,
    8.448205987000165,
    8.649750913000162
  ],
  "total_grad_evals": 1880,
  "best_val_loss": 0.4824596252441406,
  "n_epochs_run": 40,
  "test_metrics": {
    "accuracy": 0.77925,
    "macro_f1": 0.6543310802404234,
    "balanced_acc": 0.6327809217011502,
    "confusion_matrix": [
      [
        1105,
        289,
        0,
        0,
        2,
        1,
        27
      ],
      [
        298,
        1627,
        17,
        0,
        11,
        18,
        1
      ],
      [
        0,
        20,
        179,
        4,
        1,
        45,
        0
      ],
      [
        0,
        0,
        6,
        7,
        0,
        3,
        0
      ],
      [
        4,
        27,
        3,
        0,
        29,
        3,
        0
      ],
      [
        0,
        18,
        52,
        1,
        0,
        60,
        0
      ],
      [
        30,
        2,
        0,
        0,
        0,
        0,
        110
      ]
    ],
    "per_class_report": {
      "CT1": {
        "precision": 0.7689631176061239,
        "recall": 0.7759831460674157,
        "f1-score": 0.7724571828032156,
        "support": 1424.0
      },
      "CT2": {
        "precision": 0.8204740292486132,
        "recall": 0.8250507099391481,
        "f1-score": 0.8227560050568901,
        "support": 1972.0
      },
      "CT3": {
        "precision": 0.6964980544747081,
        "recall": 0.7188755020080321,
        "f1-score": 0.7075098814229249,
        "support": 249.0
      },
      "CT4": {
        "precision": 0.5833333333333334,
        "recall": 0.4375,
        "f1-score": 0.5,
        "support": 16.0
      },
      "CT5": {
        "precision": 0.6744186046511628,
        "recall": 0.4393939393939394,
        "f1-score": 0.5321100917431193,
        "support": 66.0
      },
      "CT6": {
        "precision": 0.46153846153846156,
        "recall": 0.4580152671755725,
        "f1-score": 0.45977011494252873,
        "support": 131.0
      },
      "CT7": {
        "precision": 0.7971014492753623,
        "recall": 0.7746478873239436,
        "f1-score": 0.7857142857142857,
        "support": 142.0
      },
      "accuracy": 0.77925,
      "macro avg": {
        "precision": 0.6860467214468235,
        "recall": 0.6327809217011502,
        "f1-score": 0.6543310802404234,
        "support": 4000.0
      },
      "weighted avg": {
        "precision": 0.7784752965531346,
        "recall": 0.77925,
        "f1-score": 0.7783861026105551,
        "support": 4000.0
      }
    }
  }
}