{
  "run_name": "part2_adamw_seed42",
  "seed": 42,
  "train_loss": [
    1.1422424643834432,
    0.7033638151486715,
    0.660807354927063,
    0.6362344109217326,
    0.6163445259730022,
    0.5974869828224182,
    0.5831651180585226,
    0.573144875685374,
    0.5569677753448486,
    0.5470825664202372,
    0.5365327323277791,
    0.5288396427631378,
    0.5192930251757304,
    0.5130050621032715,
    0.5084988689422607,
    0.49637069304784137,
    0.49065628973642983,
    0.48143755610783895,
    0.47292921471595767,
    0.4708768696784973,
    0.46554836408297223,
    0.46098991998036704,
    0.4502344885667165,
    0.4495567733446757,
    0.4405041298866272,
    0.44478490368525186,
    0.43342478982607524,
    0.4298506823380788,
    0.421940132856369,
    0.4204461789925893,
    0.4161642102400462,
    0.4120974164803823,
    0.405631698846817,
    0.3979220130443573,
    0.3949709340731303,
    0.39605164567629497,
    0.3925529469648997,
    0.3870998740196228,
    0.3867265973885854,
    0.37203987129529315
  ],
  "val_loss": [
    0.74391494846344,
    0.678920687198639,
    0.6470952124595643,
    0.6441449089050293,
    0.6193505716323853,
    0.6059900674819946,
    0.5919449715614319,
    0.5835632781982422,
    0.5717759442329406,
    0.5669817142486572,
    0.5675831384658814,
    0.5623072385787964,
    0.5510545272827149,
    0.5535597295761109,
    0.5444963345527649,
    0.5424797492027282,
    0.5362446603775024,
    0.5282176251411438,
    0.5277917604446412,
    0.5306690335273743,
    0.5214910535812378,
    0.51241082239151,
    0.5173688478469849,
    0.5121749415397644,
    0.5149161353111267,
    0.5136373491287232,
    0.50812397813797,
    0.5010382513999939,
    0.5070820941925048,
    0.5039989247322082,
    0.4951309170722961,
    0.5000325102806091,
    0.5064840650558472,
    0.49721427297592163,
    0.5004158773422241,
    0.5178409848213196,
    0.49959873151779177,
    0.5096371521949769,
    0.4995497541427612,
    0.49677391386032105
  ],
  "grad_evals": [
    47,
    94,
    141,
    188,
    235,
    282,
    329,
    376,
    423,
    470,
    517,
    564,
    611,
    658,
    705,
    752,
    799,
    846,
    893,
    940,
    987,
    1034,
    1081,
    1128,
    1175,
    1222,
    1269,
    1316,
    1363,
    1410,
    1457,
    1504,
    1551,
    1598,
    1645,
    1692,
    1739,
    1786,
    1833,
    1880
  ],
  "wall_clock_s": [
    0.2184011729998474,
    0.44344564499988337,
    0.6542051659998833,
    0.8730373009998402,
    1.2466241380000156,
    1.4515845049998006,
    1.6581649279999056,
    1.8730291009999291,
    2.0831914419998157,
    2.2995205589998022,
    2.5100018539999382,
    2.771460640999976,
    2.98454730200001,
    3.2042166080000243,
    3.428004106999879,
    3.637241568999798,
    3.848050136999973,
    4.0559192690000145,
    4.2647563319999335,
    4.474534350999875,
    4.688681437000014,
    4.896595352999839,
    5.262064470999803,
    5.475352017999967,
    5.691114319999997,
    5.901438886999813,
    6.1105308559999685,
    6.3258344899998065,
    6.528284803999895,
    6.7380050079998455,
    6.956436210999982,
    7.186230338999849,
    7.397729695999942,
    7.609379947999969,
    7.827715147999925,
    8.03966720099993,
    8.258418495999877,
    8.480885110999907,
    8.694133772999976,
    8.90791010299995
  ],
  "total_grad_evals": 1880,
  "best_val_loss": 0.4951309170722961,
  "n_epochs_run": 40,
  "test_metrics": {
    "accuracy": 0.7745,
    "macro_f1": 0.5935414123560775,
    "balanced_acc": 0.5692550688527228,
    "confusion_matrix": [
      [
        1071,
        321,
        0,
        0,
        1,
        1,
        30
      ],
      [
        273,
        1654,
        17,
        0,
        4,
        22,
        2
      ],
      [
        1,
        22,
        181,
        1,
        0,
        44,
        0
      ],
      [
        0,
        0,
        11,
        2,
        0,
        3,
        0
      ],
      [
        2,
        39,
        2,
        0,
        21,
        2,
        0
      ],
      [
        0,
        14,
        58,
        2,
        0,
        57,
        0
      ],
      [
        29,
        1,
        0,
        0,
        0,
        0,
        112
      ]
    ],
    "per_class_report": {
      "CT1": {
        "precision": 0.778343023255814,
        "recall": 0.7521067415730337,
        "f1-score": 0.765,
        "support": 1424.0
      },
      "CT2": {
        "precision": 0.8064358849341785,
        "recall": 0.8387423935091278,
        "f1-score": 0.8222719363658961,
        "support": 1972.0
      },
      "CT3": {
        "precision": 0.6728624535315985,
        "recall": 0.7269076305220884,
        "f1-score": 0.6988416988416989,
        "support": 249.0
      },
      "CT4": {
        "precision": 0.4,
        "recall": 0.125,
        "f1-score": 0.19047619047619047,
        "support": 16.0
      },
      "CT5": {
        "precision": 0.8076923076923077,
        "recall": 0.3181818181818182,
        "f1-score": 0.45652173913043476,
        "support": 66.0
      },
      "CT6": {
        "precision": 0.4418604651162791,
        "recall": 0.4351145038167939,
        "f1-score": 0.43846153846153846,
        "support": 131.0
      },
      "CT7": {
        "precision": 0.7777777777777778,
        "recall": 0.7887323943661971,
        "f1-score": 0.7832167832167832,
        "support": 142.0
      },
      "accuracy": 0.7745,
      "macro avg": {
        "precision": 0.6692817017582794,
        "recall": 0.5692550688527228,
        "f1-score": 0.5935414123560775,
        "support": 4000.0
      },
      "weighted avg": {
        "precision": 0.7735576597045541,
        "recall": 0.7745,
        "f1-score": 0.7716812850276507,
        "support": 4000.0
      }
    }
  }
}