{
  "run_name": "part3_l2_1e-4_seed7",
  "seed": 7,
  "train_loss": [
    1.082175397237142,
    0.7010746725400289,
    0.654650819937388,
    0.6293603237469991,
    0.6080291708310445,
    0.5933430984814961,
    0.5750025418599447,
    0.5612900795936584,
    0.5540985617637634,
    0.5413532878557841,
    0.5331949114799499,
    0.5210705982049306,
    0.5179190936088562,
    0.5081615945498149,
    0.49609118620554604,
    0.49344367218017576,
    0.4876808541615804,
    0.4803961118857066,
    0.48103727380434674,
    0.46823744392395017,
    0.4638626348177592,
    0.4550735472838084,
    0.4525908731619517,
    0.4430724308490753,
    0.44136305832862854,
    0.43877650221188863,
    0.4293239457607269,
    0.42312798388799033,
    0.416551259915034,
    0.4112974889278412,
    0.4178555261294047,
    0.40991724038124083,
    0.40540164955457053,
    0.39351507226626076,
    0.3983174296220144,
    0.3887276184558868,
    0.3887144781748454,
    0.3886482056776683,
    0.3718880101044973,
    0.3758257275422414
  ],
  "val_loss": [
    0.7428766641616821,
    0.6678483324050903,
    0.6405155959129334,
    0.6332016496658325,
    0.6091795425415039,
    0.5901291961669922,
    0.5820565867424011,
    0.5839473190307617,
    0.5617839584350586,
    0.5572836709022522,
    0.5496999802589416,
    0.550769757270813,
    0.5445678696632386,
    0.5437561421394348,
    0.5262787280082702,
    0.5385402765274048,
    0.5371986193656921,
    0.5232984099388123,
    0.5221339254379272,
    0.5147726163864136,
    0.5204474630355835,
    0.5078616094589233,
    0.5113342413902283,
    0.5001833992004394,
    0.5039711580276489,
    0.5002994570732117,
    0.5003296303749084,
    0.4992850804328918,
    0.4955767812728882,
    0.49657450485229493,
    0.5006554198265075,
    0.5024975776672364,
    0.4895746431350708,
    0.4931138815879822,
    0.48467771768569945,
    0.48783255863189695,
    0.4928343577384949,
    0.4879355707168579,
    0.49583442449569703,
    0.4958006372451782
  ],
  "grad_evals": [
    47,
    94,
    141,
    188,
    235,
    282,
    329,
    376,
    423,
    470,
    517,
    564,
    611,
    658,
    705,
    752,
    799,
    846,
    893,
    940,
    987,
    1034,
    1081,
    1128,
    1175,
    1222,
    1269,
    1316,
    1363,
    1410,
    1457,
    1504,
    1551,
    1598,
    1645,
    1692,
    1739,
    1786,
    1833,
    1880
  ],
  "wall_clock_s": [
    0.2160652800000662,
    0.4281614620001619,
    0.8111328350000804,
    1.022943413000121,
    1.2379782259999956,
    1.4494856640001217,
    1.6700265800000125,
    1.8782980430000862,
    2.084236805000046,
    2.2956242370000837,
    2.5131684200000564,
    2.7265746170000966,
    2.932921942000121,
    3.138773843000081,
    3.350377273000049,
    3.5613656100001663,
    3.7752953650001473,
    3.9881002790000366,
    4.205061427000146,
    4.4190066500000285,
    4.791485406999982,
    4.999403836000056,
    5.210742121000067,
    5.4211387810000815,
    5.631715759000144,
    5.851942824000162,
    6.065160276000142,
    6.276934987999994,
    6.4961263540001255,
    6.709222674000102,
    6.9229432270001325,
    7.134209877000103,
    7.345581222999954,
    7.561587239000119,
    7.7760454910001044,
    7.995444089000102,
    8.21257989500009,
    8.601672559000008,
    8.814177009000105,
    9.032795860000078
  ],
  "total_grad_evals": 1880,
  "best_val_loss": 0.48467771768569945,
  "n_epochs_run": 40,
  "test_metrics": {
    "accuracy": 0.786,
    "macro_f1": 0.6418558855737638,
    "balanced_acc": 0.6042404279277073,
    "confusion_matrix": [
      [
        1120,
        283,
        0,
        0,
        1,
        1,
        19
      ],
      [
        283,
        1651,
        19,
        0,
        8,
        11,
        0
      ],
      [
        0,
        22,
        205,
        2,
        0,
        20,
        0
      ],
      [
        0,
        0,
        7,
        7,
        0,
        2,
        0
      ],
      [
        3,
        35,
        3,
        0,
        23,
        2,
        0
      ],
      [
        0,
        22,
        65,
        2,
        0,
        42,
        0
      ],
      [
        39,
        7,
        0,
        0,
        0,
        0,
        96
      ]
    ],
    "per_class_report": {
      "CT1": {
        "precision": 0.7750865051903114,
        "recall": 0.7865168539325843,
        "f1-score": 0.7807598466364587,
        "support": 1424.0
      },
      "CT2": {
        "precision": 0.8173267326732673,
        "recall": 0.8372210953346856,
        "f1-score": 0.8271543086172345,
        "support": 1972.0
      },
      "CT3": {
        "precision": 0.68561872909699,
        "recall": 0.8232931726907631,
        "f1-score": 0.7481751824817519,
        "support": 249.0
      },
      "CT4": {
        "precision": 0.6363636363636364,
        "recall": 0.4375,
        "f1-score": 0.5185185185185185,
        "support": 16.0
      },
      "CT5": {
        "precision": 0.71875,
        "recall": 0.3484848484848485,
        "f1-score": 0.46938775510204084,
        "support": 66.0
      },
      "CT6": {
        "precision": 0.5384615384615384,
        "recall": 0.32061068702290074,
        "f1-score": 0.4019138755980861,
        "support": 131.0
      },
      "CT7": {
        "precision": 0.8347826086956521,
        "recall": 0.676056338028169,
        "f1-score": 0.7470817120622568,
        "support": 142.0
      },
      "accuracy": 0.786,
      "macro avg": {
        "precision": 0.7151985357830565,
        "recall": 0.6042404279277073,
        "f1-score": 0.6418558855737638,
        "support": 4000.0
      },
      "weighted avg": {
        "precision": 0.7832268684807248,
        "recall": 0.786,
        "f1-score": 0.78181453689767,
        "support": 4000.0
      }
    }
  }
}