{
  "run_name": "part2_sgd_no_momentum_seed42",
  "seed": 42,
  "train_loss": [
    1.1047363174756368,
    0.7794079055786133,
    0.72734734805425,
    0.699934323310852,
    0.6816675623257955,
    0.6694712155659993,
    0.6570163086255392,
    0.6485406115849813,
    0.6400420519510905,
    0.6333949793179829,
    0.6237995136578878,
    0.6213817620277404,
    0.6135290424029033,
    0.6078837703069051,
    0.6018498031298319,
    0.5985392452875773,
    0.5920497795740763,
    0.5893631502787272,
    0.5858437310854594,
    0.578816013177236,
    0.5760328976313273,
    0.5724374437332154,
    0.5685539244016011,
    0.5652496722539266,
    0.5643224768638611,
    0.5591413227717081,
    0.5540108949343363,
    0.5527722954750061,
    0.5473284549713134,
    0.5459622135162353,
    0.5443910139401754,
    0.5377104783058166,
    0.5354462553660075,
    0.5315610192616781,
    0.5319869751930237,
    0.5274067478179931,
    0.5229755358695984,
    0.5224991603692373,
    0.5187462773323059,
    0.5155571839809417
  ],
  "val_loss": [
    0.8397763438224792,
    0.7464221043586731,
    0.7157272200584411,
    0.6936311693191528,
    0.6759994053840637,
    0.6674059042930603,
    0.6578094573020935,
    0.6472439227104188,
    0.6446853556632995,
    0.6398563566207885,
    0.6348032445907593,
    0.6280093650817871,
    0.6187570104599,
    0.6159510793685913,
    0.615880172252655,
    0.6112833700180054,
    0.605936951637268,
    0.6108173837661743,
    0.5985201330184936,
    0.5983854966163635,
    0.5974158525466919,
    0.5974422821998596,
    0.5928677492141724,
    0.5853775973320008,
    0.5850485963821411,
    0.5820666227340698,
    0.5782555689811707,
    0.5762854628562927,
    0.5700088043212891,
    0.5740657291412353,
    0.5706481771469116,
    0.5627804245948792,
    0.5663820519447327,
    0.5607529330253601,
    0.5574206738471985,
    0.5617524690628052,
    0.5584552545547485,
    0.5506277098655701,
    0.5552381982803345,
    0.555180634021759
  ],
  "grad_evals": [
    47,
    94,
    141,
    188,
    235,
    282,
    329,
    376,
    423,
    470,
    517,
    564,
    611,
    658,
    705,
    752,
    799,
    846,
    893,
    940,
    987,
    1034,
    1081,
    1128,
    1175,
    1222,
    1269,
    1316,
    1363,
    1410,
    1457,
    1504,
    1551,
    1598,
    1645,
    1692,
    1739,
    1786,
    1833,
    1880
  ],
  "wall_clock_s": [
    0.1939075060001869,
    0.38842427000008684,
    0.5846601240000382,
    0.7682656970000608,
    0.9565757400000621,
    1.1495073730000058,
    1.3387016780000067,
    1.5250828880000427,
    1.7637372300000607,
    1.9545515810000325,
    2.1456394320000527,
    2.3448078870001154,
    2.535568646999991,
    2.7180985310001233,
    2.900766524000119,
    3.2495457150000675,
    3.452214529999992,
    3.6449485709999863,
    3.833273579999968,
    4.019988223000155,
    4.226088699000002,
    4.425881292999975,
    4.624121767000133,
    4.814351380000062,
    5.002472800000078,
    5.197894133000091,
    5.38375361500016,
    5.574019307000071,
    5.773512941000035,
    5.9660414630000105,
    6.165728310000077,
    6.361859999999979,
    6.549265407000121,
    6.90877234300001,
    7.0946498820001125,
    7.281471062000037,
    7.467465500000117,
    7.652415598000061,
    7.840102947000105,
    8.024069735000012
  ],
  "total_grad_evals": 1880,
  "best_val_loss": 0.5506277098655701,
  "n_epochs_run": 40,
  "test_metrics": {
    "accuracy": 0.74975,
    "macro_f1": 0.5662857801582372,
    "balanced_acc": 0.5375682339592671,
    "confusion_matrix": [
      [
        1000,
        390,
        0,
        0,
        0,
        1,
        33
      ],
      [
        275,
        1653,
        23,
        0,
        0,
        19,
        2
      ],
      [
        0,
        23,
        197,
        2,
        0,
        27,
        0
      ],
      [
        0,
        0,
        8,
        5,
        0,
        3,
        0
      ],
      [
        3,
        49,
        3,
        0,
        10,
        1,
        0
      ],
      [
        0,
        19,
        69,
        2,
        1,
        40,
        0
      ],
      [
        47,
        1,
        0,
        0,
        0,
        0,
        94
      ]
    ],
    "per_class_report": {
      "CT1": {
        "precision": 0.7547169811320755,
        "recall": 0.702247191011236,
        "f1-score": 0.7275372862859222,
        "support": 1424.0
      },
      "CT2": {
        "precision": 0.7742388758782202,
        "recall": 0.8382352941176471,
        "f1-score": 0.8049671292914536,
        "support": 1972.0
      },
      "CT3": {
        "precision": 0.6566666666666666,
        "recall": 0.7911646586345381,
        "f1-score": 0.7176684881602914,
        "support": 249.0
      },
      "CT4": {
        "precision": 0.5555555555555556,
        "recall": 0.3125,
        "f1-score": 0.4,
        "support": 16.0
      },
      "CT5": {
        "precision": 0.9090909090909091,
        "recall": 0.15151515151515152,
        "f1-score": 0.2597402597402597,
        "support": 66.0
      },
      "CT6": {
        "precision": 0.43956043956043955,
        "recall": 0.3053435114503817,
        "f1-score": 0.36036036036036034,
        "support": 131.0
      },
      "CT7": {
        "precision": 0.7286821705426356,
        "recall": 0.6619718309859155,
        "f1-score": 0.6937269372693727,
        "support": 142.0
      },
      "accuracy": 0.74975,
      "macro avg": {
        "precision": 0.6883587997752146,
        "recall": 0.5375682339592671,
        "f1-score": 0.5662857801582372,
        "support": 4000.0
      },
      "weighted avg": {
        "precision": 0.7487425547630715,
        "recall": 0.74975,
        "f1-score": 0.742841754407032,
        "support": 4000.0
      }
    }
  }
}