{
  "run_name": "part3_early_stop_p10_seed7",
  "seed": 7,
  "train_loss": [
    1.0894297507603963,
    0.7072059437433879,
    0.6605011396408081,
    0.6301943554878234,
    0.6080738271077474,
    0.5927534394264221,
    0.5803593729337057,
    0.5675113646189371,
    0.5610357766151428,
    0.5466381236712138,
    0.5369740430514017,
    0.5255920321941375,
    0.5186780882676443,
    0.5085675155321757,
    0.5026942849953969,
    0.49851699749628703,
    0.48831923071543376,
    0.4850447449684143,
    0.4724470956325531,
    0.474638392607371,
    0.4638401580651601,
    0.4588875282605489,
    0.4531023835341136,
    0.44974781878789266,
    0.44255610505739845,
    0.4405151832898458,
    0.43225807825724283,
    0.4247924154599508,
    0.41934001151720685,
    0.41723584548632303,
    0.4133294294675191,
    0.40602941552797955,
    0.4073121103445689,
    0.3972518317699432,
    0.3958515035311381,
    0.387172380288442,
    0.38588014849026997,
    0.38298959596951804,
    0.37684815939267474,
    0.37889426096280415
  ],
  "val_loss": [
    0.7472330408096314,
    0.673499321937561,
    0.6458464941978455,
    0.6255013294219971,
    0.6139227266311645,
    0.6067439074516296,
    0.5913088274002075,
    0.5810430974960327,
    0.5759336729049682,
    0.5646944928169251,
    0.558796923160553,
    0.5527967042922973,
    0.5458132510185242,
    0.5454385132789612,
    0.5394062147140503,
    0.5293225755691529,
    0.5237692942619324,
    0.523913773059845,
    0.5250601539611817,
    0.5200182433128357,
    0.5216610918045044,
    0.5081509332656861,
    0.5129461460113526,
    0.5101163997650147,
    0.5008646211624146,
    0.5040737080574036,
    0.5087808027267456,
    0.49665758609771726,
    0.5037157392501831,
    0.5131711320877075,
    0.4932136211395264,
    0.5029461817741394,
    0.49300924348831177,
    0.49055162382125855,
    0.4888358860015869,
    0.4990380792617798,
    0.5010603494644165,
    0.4912082557678223,
    0.4876256542205811,
    0.4894462571144104
  ],
  "grad_evals": [
    47,
    94,
    141,
    188,
    235,
    282,
    329,
    376,
    423,
    470,
    517,
    564,
    611,
    658,
    705,
    752,
    799,
    846,
    893,
    940,
    987,
    1034,
    1081,
    1128,
    1175,
    1222,
    1269,
    1316,
    1363,
    1410,
    1457,
    1504,
    1551,
    1598,
    1645,
    1692,
    1739,
    1786,
    1833,
    1880
  ],
  "wall_clock_s": [
    0.2075495880001199,
    0.412185516000136,
    0.6205397390001508,
    0.82368298900019,
    1.0293027239999901,
    1.250526997000179,
    1.4559416280001187,
    1.6647299979999843,
    1.869494116000169,
    2.0745089040001403,
    2.2819305780001287,
    2.4840505030001623,
    2.6894138140000905,
    2.9027253350000137,
    3.274333582000054,
    3.483207398000104,
    3.6856098020000445,
    3.890389187999972,
    4.094028523000134,
    4.300963218000106,
    4.506294017000073,
    4.71348016800016,
    4.921719019000193,
    5.129880431000174,
    5.339578673000005,
    5.554635333000078,
    5.755673789000184,
    5.959564947999979,
    6.162124989000176,
    6.36324208200017,
    6.565881749000027,
    6.769593425000039,
    7.143102457000168,
    7.3501883690000795,
    7.559139221000123,
    7.764150605000168,
    7.967881644000045,
    8.16952538999999,
    8.376729823000005,
    8.584577756000044
  ],
  "total_grad_evals": 1880,
  "best_val_loss": 0.4876256542205811,
  "n_epochs_run": 40,
  "test_metrics": {
    "accuracy": 0.78375,
    "macro_f1": 0.6148311127991791,
    "balanced_acc": 0.5845250911774773,
    "confusion_matrix": [
      [
        1111,
        278,
        0,
        0,
        0,
        1,
        34
      ],
      [
        289,
        1643,
        17,
        0,
        4,
        18,
        1
      ],
      [
        1,
        18,
        206,
        1,
        0,
        23,
        0
      ],
      [
        0,
        0,
        8,
        5,
        0,
        3,
        0
      ],
      [
        1,
        47,
        2,
        0,
        14,
        2,
        0
      ],
      [
        1,
        16,
        66,
        1,
        0,
        47,
        0
      ],
      [
        32,
        1,
        0,
        0,
        0,
        0,
        109
      ]
    ],
    "per_class_report": {
      "CT1": {
        "precision": 0.7742160278745644,
        "recall": 0.7801966292134831,
        "f1-score": 0.7771948233648128,
        "support": 1424.0
      },
      "CT2": {
        "precision": 0.8202695956065901,
        "recall": 0.8331643002028397,
        "f1-score": 0.8266666666666667,
        "support": 1972.0
      },
      "CT3": {
        "precision": 0.6889632107023411,
        "recall": 0.8273092369477911,
        "f1-score": 0.7518248175182481,
        "support": 249.0
      },
      "CT4": {
        "precision": 0.7142857142857143,
        "recall": 0.3125,
        "f1-score": 0.43478260869565216,
        "support": 16.0
      },
      "CT5": {
        "precision": 0.7777777777777778,
        "recall": 0.21212121212121213,
        "f1-score": 0.3333333333333333,
        "support": 66.0
      },
      "CT6": {
        "precision": 0.5,
        "recall": 0.35877862595419846,
        "f1-score": 0.4177777777777778,
        "support": 131.0
      },
      "CT7": {
        "precision": 0.7569444444444444,
        "recall": 0.7676056338028169,
        "f1-score": 0.7622377622377622,
        "support": 142.0
      },
      "accuracy": 0.78375,
      "macro avg": {
        "precision": 0.7189223958130617,
        "recall": 0.5845250911774773,
        "f1-score": 0.6148311127991791,
        "support": 4000.0
      },
      "weighted avg": {
        "precision": 0.7818387803918687,
        "recall": 0.78375,
        "f1-score": 0.7790099118914964,
        "support": 4000.0
      }
    }
  }
}