{
  "run_name": "part2_adam_b1_zero_seed42",
  "seed": 42,
  "train_loss": [
    1.1813431851069132,
    0.7191385709444682,
    0.6671458260218303,
    0.6369235103925069,
    0.6184351383845011,
    0.5971073981920878,
    0.5858925512631734,
    0.5731964400609334,
    0.5620996496677398,
    0.5489159983793894,
    0.5430566309293111,
    0.5302875822385152,
    0.5249026883443196,
    0.5202300349076588,
    0.5109115738868714,
    0.503765122572581,
    0.4967869675159454,
    0.4928104290962219,
    0.48325392134984335,
    0.48384954158465066,
    0.4729411299228668,
    0.46919676995277404,
    0.4642640674908956,
    0.45742376844088234,
    0.4542697278658549,
    0.44853023211161297,
    0.44499190974235536,
    0.44083339476585387,
    0.435349756638209,
    0.43357778278986614,
    0.42795593579610186,
    0.42703201444943745,
    0.42160399301846824,
    0.4177144909699758,
    0.4147111873626709,
    0.4124155286947886,
    0.4043225115140279,
    0.40164071480433144,
    0.4013855534394582,
    0.3960715572039286
  ],
  "val_loss": [
    0.7808784909248352,
    0.6890071840286255,
    0.6541965484619141,
    0.6330587196350098,
    0.6195717873573303,
    0.6083391656875611,
    0.5968111000061035,
    0.5894294424057007,
    0.582151771068573,
    0.5677450571060181,
    0.5658042798042298,
    0.5644104022979737,
    0.5467341241836547,
    0.5443253774642944,
    0.5469387621879578,
    0.5448940153121948,
    0.5355039491653443,
    0.5275004739761353,
    0.5416070032119751,
    0.5276719980239868,
    0.5258540496826172,
    0.5220735840797425,
    0.5136997480392456,
    0.5228488969802857,
    0.5188608064651489,
    0.516892767906189,
    0.5159647588729859,
    0.5108694710731506,
    0.5250035443305969,
    0.5332016668319702,
    0.5256176085472107,
    0.5072992539405823,
    0.510536862373352,
    0.5006249270439148,
    0.49763381958007813,
    0.5066303648948669,
    0.5045313501358032,
    0.5006209487915039,
    0.49359634923934936,
    0.5110407404899597
  ],
  "grad_evals": [
    47,
    94,
    141,
    188,
    235,
    282,
    329,
    376,
    423,
    470,
    517,
    564,
    611,
    658,
    705,
    752,
    799,
    846,
    893,
    940,
    987,
    1034,
    1081,
    1128,
    1175,
    1222,
    1269,
    1316,
    1363,
    1410,
    1457,
    1504,
    1551,
    1598,
    1645,
    1692,
    1739,
    1786,
    1833,
    1880
  ],
  "wall_clock_s": [
    0.3980915150000328,
    0.615391585999987,
    0.8246300820001125,
    1.0406351960000393,
    1.2493449779999537,
    1.4548443460000726,
    1.669515032999925,
    1.8876210170001286,
    2.1112239520000458,
    2.3250166529999206,
    2.5324837559999196,
    2.762946603000046,
    2.9807160360001035,
    3.1985460070000045,
    3.408273410999982,
    3.6231017719999272,
    3.8392062279999664,
    4.05413439400013,
    4.437966811000024,
    4.652013346000103,
    4.8662938620000205,
    5.082508857999983,
    5.304757779000056,
    5.51975520499991,
    5.737048371000128,
    5.9462445629999365,
    6.157116581000082,
    6.372290636000116,
    6.5858944670001165,
    6.795991777999916,
    7.003219975000093,
    7.21413127400001,
    7.419550294999908,
    7.6331365000000915,
    7.846568020999939,
    8.054276751000089,
    8.42439111800013,
    8.634660190999966,
    8.837782017000109,
    9.042026088000057
  ],
  "total_grad_evals": 1880,
  "best_val_loss": 0.49359634923934936,
  "n_epochs_run": 40,
  "test_metrics": {
    "accuracy": 0.7855,
    "macro_f1": 0.6657561029972999,
    "balanced_acc": 0.6301499593613428,
    "confusion_matrix": [
      [
        1046,
        357,
        0,
        0,
        0,
        1,
        20
      ],
      [
        235,
        1701,
        12,
        0,
        7,
        16,
        1
      ],
      [
        0,
        25,
        202,
        1,
        0,
        21,
        0
      ],
      [
        0,
        0,
        6,
        8,
        0,
        2,
        0
      ],
      [
        2,
        37,
        2,
        0,
        21,
        4,
        0
      ],
      [
        0,
        19,
        60,
        2,
        0,
        50,
        0
      ],
      [
        27,
        1,
        0,
        0,
        0,
        0,
        114
      ]
    ],
    "per_class_report": {
      "CT1": {
        "precision": 0.7984732824427481,
        "recall": 0.7345505617977528,
        "f1-score": 0.7651792245793709,
        "support": 1424.0
      },
      "CT2": {
        "precision": 0.7948598130841121,
        "recall": 0.8625760649087221,
        "f1-score": 0.8273346303501945,
        "support": 1972.0
      },
      "CT3": {
        "precision": 0.7163120567375887,
        "recall": 0.8112449799196787,
        "f1-score": 0.7608286252354048,
        "support": 249.0
      },
      "CT4": {
        "precision": 0.7272727272727273,
        "recall": 0.5,
        "f1-score": 0.5925925925925926,
        "support": 16.0
      },
      "CT5": {
        "precision": 0.75,
        "recall": 0.3181818181818182,
        "f1-score": 0.44680851063829785,
        "support": 66.0
      },
      "CT6": {
        "precision": 0.5319148936170213,
        "recall": 0.3816793893129771,
        "f1-score": 0.4444444444444444,
        "support": 131.0
      },
      "CT7": {
        "precision": 0.8444444444444444,
        "recall": 0.8028169014084507,
        "f1-score": 0.8231046931407943,
        "support": 142.0
      },
      "accuracy": 0.7855,
      "macro avg": {
        "precision": 0.7376110310855202,
        "recall": 0.6301499593613428,
        "f1-score": 0.6657561029972999,
        "support": 4000.0
      },
      "weighted avg": {
        "precision": 0.7833948833848265,
        "recall": 0.7855,
        "f1-score": 0.781159841591762,
        "support": 4000.0
      }
    }
  }
}