{
  "run_name": "part3_label_smooth_0.1_seed42",
  "seed": 42,
  "train_loss": [
    1.300415075937907,
    0.9830648361841837,
    0.9522070175806682,
    0.9363204056421915,
    0.9237695662180583,
    0.9152927563985189,
    0.9021723810831705,
    0.8965653630892436,
    0.8913066487312317,
    0.8836418962478638,
    0.8727856613794962,
    0.8675267820358277,
    0.8637187555631002,
    0.8607102828025818,
    0.8511175028483073,
    0.8471571907997132,
    0.8405871450106303,
    0.8385000343322754,
    0.8310413808822632,
    0.8290838541984558,
    0.8240695363680521,
    0.8196399542490641,
    0.8174081861178081,
    0.8151004878679912,
    0.8108463236490886,
    0.8077986909548441,
    0.8015710779825846,
    0.7984794085820516,
    0.7944268101056416,
    0.7944071210225423,
    0.7882817441622416,
    0.7842263056437174,
    0.7818673318227132,
    0.7803547159830729,
    0.779787761370341,
    0.7736625986099244,
    0.7717042026519776,
    0.7657886308034261,
    0.7629880943298339,
    0.7628281052907308
  ],
  "val_loss": [
    1.0065367202758788,
    0.965859546661377,
    0.9430387439727783,
    0.9367005805969238,
    0.9277180223464966,
    0.9213145289421082,
    0.9123607544898987,
    0.9101043138504028,
    0.9050822324752807,
    0.898661259651184,
    0.8960508427619934,
    0.8849080791473388,
    0.8829746971130371,
    0.8828124823570251,
    0.8824869303703308,
    0.8750566544532776,
    0.8686183395385743,
    0.8714724340438843,
    0.8689138698577881,
    0.8684999666213989,
    0.867424370765686,
    0.8642814130783081,
    0.8596459865570069,
    0.8634152951240539,
    0.8631707663536072,
    0.8561549787521362,
    0.8530260577201844,
    0.8586543731689453,
    0.8549831924438477,
    0.8478121314048767,
    0.8526881518363952,
    0.8506754112243652,
    0.8408766374588013,
    0.8470876541137695,
    0.8420451974868775,
    0.8432364320755005,
    0.8445170612335205,
    0.842173994064331,
    0.8445131893157959,
    0.8445487308502198
  ],
  "grad_evals": [
    47,
    94,
    141,
    188,
    235,
    282,
    329,
    376,
    423,
    470,
    517,
    564,
    611,
    658,
    705,
    752,
    799,
    846,
    893,
    940,
    987,
    1034,
    1081,
    1128,
    1175,
    1222,
    1269,
    1316,
    1363,
    1410,
    1457,
    1504,
    1551,
    1598,
    1645,
    1692,
    1739,
    1786,
    1833,
    1880
  ],
  "wall_clock_s": [
    0.21250605000000178,
    0.4249902720000591,
    0.6409289279999939,
    0.861740146000102,
    1.084412057999998,
    1.303922324000041,
    1.5216597129999627,
    1.739651320999883,
    1.959800555999891,
    2.178668947999995,
    2.3925256919999356,
    2.60376124000004,
    2.8210593450000943,
    3.0415414990000045,
    3.2564081989999067,
    3.4770013629999994,
    3.871057282000038,
    4.089222488999894,
    4.29895825299991,
    4.511587983000027,
    4.7286528970000745,
    4.94039722399998,
    5.155579878000026,
    5.37296650899998,
    5.590267304999998,
    5.805054536999933,
    6.023632142999986,
    6.238924177999934,
    6.449785480999935,
    6.66205392400002,
    6.8747485119999965,
    7.092968879999944,
    7.305711581999958,
    7.531397327999912,
    7.8982268350000595,
    8.152512466999951,
    8.370837193999932,
    8.582973192000054,
    8.808785150999938,
    9.020141685999988
  ],
  "total_grad_evals": 1880,
  "best_val_loss": 0.8408766374588013,
  "n_epochs_run": 40,
  "test_metrics": {
    "accuracy": 0.77175,
    "macro_f1": 0.5648718873964436,
    "balanced_acc": 0.5325264056468477,
    "confusion_matrix": [
      [
        1068,
        338,
        0,
        0,
        0,
        1,
        17
      ],
      [
        268,
        1672,
        10,
        0,
        1,
        20,
        1
      ],
      [
        0,
        26,
        180,
        1,
        0,
        42,
        0
      ],
      [
        0,
        0,
        11,
        2,
        0,
        3,
        0
      ],
      [
        3,
        47,
        3,
        0,
        11,
        2,
        0
      ],
      [
        0,
        20,
        57,
        2,
        0,
        52,
        0
      ],
      [
        39,
        1,
        0,
        0,
        0,
        0,
        102
      ]
    ],
    "per_class_report": {
      "CT1": {
        "precision": 0.7750362844702468,
        "recall": 0.75,
        "f1-score": 0.7623126338329764,
        "support": 1424.0
      },
      "CT2": {
        "precision": 0.7946768060836502,
        "recall": 0.847870182555781,
        "f1-score": 0.8204121687929342,
        "support": 1972.0
      },
      "CT3": {
        "precision": 0.6896551724137931,
        "recall": 0.7228915662650602,
        "f1-score": 0.7058823529411765,
        "support": 249.0
      },
      "CT4": {
        "precision": 0.4,
        "recall": 0.125,
        "f1-score": 0.19047619047619047,
        "support": 16.0
      },
      "CT5": {
        "precision": 0.9166666666666666,
        "recall": 0.16666666666666666,
        "f1-score": 0.28205128205128205,
        "support": 66.0
      },
      "CT6": {
        "precision": 0.43333333333333335,
        "recall": 0.3969465648854962,
        "f1-score": 0.41434262948207173,
        "support": 131.0
      },
      "CT7": {
        "precision": 0.85,
        "recall": 0.7183098591549296,
        "f1-score": 0.7786259541984732,
        "support": 142.0
      },
      "accuracy": 0.77175,
      "macro avg": {
        "precision": 0.6941954661382413,
        "recall": 0.5325264056468477,
        "f1-score": 0.5648718873964436,
        "support": 4000.0
      },
      "weighted avg": {
        "precision": 0.7717112838200726,
        "recall": 0.77175,
        "f1-score": 0.7664143667353792,
        "support": 4000.0
      }
    }
  }
}