{
  "run_name": "part2_adam_no_bias_seed42",
  "seed": 42,
  "train_loss": [
    0.867708167552948,
    0.6416426790555319,
    0.6078287986119588,
    0.5835904965400696,
    0.5634669885635376,
    0.5505327928860982,
    0.5335947841008504,
    0.5268883611361186,
    0.5099280577500661,
    0.5013308487733206,
    0.48909449553489687,
    0.48092157491048176,
    0.4734776227474213,
    0.46455570896466575,
    0.45523407944043476,
    0.45199100295702616,
    0.4404403932094574,
    0.4332405915260315,
    0.43466852672894796,
    0.4228106415271759,
    0.4190620702902476,
    0.40760988926887515,
    0.4068831570148468,
    0.4016143215497335,
    0.39516917928059897,
    0.38770777185757954,
    0.38655568941434226,
    0.38019186409314476,
    0.3828174616495768,
    0.36918562388420106,
    0.3660296863714854,
    0.3636032269001007,
    0.35917526761690777,
    0.3536860540707906,
    0.35339684812227884,
    0.3506414736111959,
    0.34452599453926086,
    0.33777855571111043,
    0.3385972549120585,
    0.3286015803813934
  ],
  "val_loss": [
    0.677367793083191,
    0.623167986869812,
    0.6031124920845031,
    0.5840991568565369,
    0.5737698721885681,
    0.5645367403030396,
    0.5611115884780884,
    0.5393322801589966,
    0.5399383206367493,
    0.5367865920066833,
    0.525311393737793,
    0.5187793436050415,
    0.5158473954200745,
    0.523957371711731,
    0.5050920791625977,
    0.5051304464340209,
    0.5069168729782104,
    0.5258680853843689,
    0.5031673245429993,
    0.5040080146789551,
    0.496147611618042,
    0.49528611373901366,
    0.5026272506713867,
    0.5059851336479188,
    0.4915039601325989,
    0.4999335927963257,
    0.49599102306365966,
    0.4956945314407349,
    0.48940426993370056,
    0.492178023815155,
    0.5019148201942444,
    0.48899608755111695,
    0.49110552978515626,
    0.48875214433670044,
    0.4962232394218445,
    0.4951260366439819,
    0.49588082551956175,
    0.4948866424560547,
    0.4973588876724243,
    0.5041948871612549
  ],
  "grad_evals": [
    47,
    94,
    141,
    188,
    235,
    282,
    329,
    376,
    423,
    470,
    517,
    564,
    611,
    658,
    705,
    752,
    799,
    846,
    893,
    940,
    987,
    1034,
    1081,
    1128,
    1175,
    1222,
    1269,
    1316,
    1363,
    1410,
    1457,
    1504,
    1551,
    1598,
    1645,
    1692,
    1739,
    1786,
    1833,
    1880
  ],
  "wall_clock_s": [
    0.21701139400011016,
    0.43204238499993153,
    0.6562176790000649,
    0.8685836649999601,
    1.0768430929999795,
    1.285996809999915,
    1.5001990969999497,
    1.703598958999919,
    1.909290675999955,
    2.1163872530000845,
    2.3311878540000635,
    2.545159521999949,
    2.745207141000037,
    2.947000125999921,
    3.3146795120001116,
    3.5167947370000547,
    3.719942979000052,
    3.929591389000052,
    4.135163290000037,
    4.344572599999992,
    4.55101112300008,
    4.75344627000004,
    4.957153715000004,
    5.160781278000059,
    5.366119428000047,
    5.573327330999973,
    5.777862427999935,
    5.986977431000014,
    6.193685406999975,
    6.396346090999941,
    6.60060945500004,
    6.796235951999961,
    7.159985243999927,
    7.371021638000002,
    7.574013665999928,
    7.775675439999986,
    7.981057494999959,
    8.211890777999997,
    8.435591796999915,
    8.650209889000052
  ],
  "total_grad_evals": 1880,
  "best_val_loss": 0.48875214433670044,
  "n_epochs_run": 40,
  "test_metrics": {
    "accuracy": 0.793,
    "macro_f1": 0.6695413597866949,
    "balanced_acc": 0.6337942266210238,
    "confusion_matrix": [
      [
        1141,
        256,
        0,
        0,
        2,
        1,
        24
      ],
      [
        291,
        1636,
        15,
        0,
        8,
        20,
        2
      ],
      [
        2,
        16,
        196,
        1,
        1,
        33,
        0
      ],
      [
        0,
        0,
        7,
        7,
        0,
        2,
        0
      ],
      [
        3,
        34,
        2,
        0,
        24,
        3,
        0
      ],
      [
        0,
        18,
        55,
        0,
        0,
        58,
        0
      ],
      [
        31,
        1,
        0,
        0,
        0,
        0,
        110
      ]
    ],
    "per_class_report": {
      "CT1": {
        "precision": 0.7772479564032697,
        "recall": 0.8012640449438202,
        "f1-score": 0.789073305670816,
        "support": 1424.0
      },
      "CT2": {
        "precision": 0.8342682304946456,
        "recall": 0.8296146044624746,
        "f1-score": 0.8319349097381133,
        "support": 1972.0
      },
      "CT3": {
        "precision": 0.7127272727272728,
        "recall": 0.7871485943775101,
        "f1-score": 0.7480916030534351,
        "support": 249.0
      },
      "CT4": {
        "precision": 0.875,
        "recall": 0.4375,
        "f1-score": 0.5833333333333334,
        "support": 16.0
      },
      "CT5": {
        "precision": 0.6857142857142857,
        "recall": 0.36363636363636365,
        "f1-score": 0.4752475247524752,
        "support": 66.0
      },
      "CT6": {
        "precision": 0.49572649572649574,
        "recall": 0.44274809160305345,
        "f1-score": 0.46774193548387094,
        "support": 131.0
      },
      "CT7": {
        "precision": 0.8088235294117647,
        "recall": 0.7746478873239436,
        "f1-score": 0.7913669064748201,
        "support": 142.0
      },
      "accuracy": 0.793,
      "macro avg": {
        "precision": 0.7413582529253906,
        "recall": 0.6337942266210238,
        "f1-score": 0.6695413597866949,
        "support": 4000.0
      },
      "weighted avg": {
        "precision": 0.7921243465841431,
        "recall": 0.793,
        "f1-score": 0.7912097006684788,
        "support": 4000.0
      }
    }
  }
}