{
  "run_name": "part2_sgd_momentum_seed123",
  "seed": 123,
  "train_loss": [
    0.9346258249282837,
    0.668256282488505,
    0.6311229348182679,
    0.6111733492215474,
    0.5906592075030009,
    0.5822226554552714,
    0.56515558163325,
    0.5519954988161723,
    0.541882696946462,
    0.529300983428955,
    0.5297317758401235,
    0.5117137381235759,
    0.5034460040728251,
    0.49833983516693114,
    0.4934304919242859,
    0.4962379749615987,
    0.4806690990924835,
    0.4809540818532308,
    0.46910756063461306,
    0.46329239797592164,
    0.45819803007443743,
    0.4533968145052592,
    0.44695286003748574,
    0.442191134929657,
    0.43456257581710817,
    0.42465893801053367,
    0.41769887288411456,
    0.4179868892033895,
    0.42383101216952007,
    0.42112989473342893,
    0.4082727523644765,
    0.40223741420110065,
    0.40621424396832784,
    0.39209153564771015,
    0.3910606825351715,
    0.3858946928183238,
    0.38633848675092064,
    0.39026134196917217,
    0.3744833282629649,
    0.37773335536321007
  ],
  "val_loss": [
    0.679953145980835,
    0.635500774860382,
    0.6182383995056152,
    0.6006527433395386,
    0.5968485994338989,
    0.5806094675064087,
    0.5655708298683166,
    0.5715930380821228,
    0.5542919797897339,
    0.5555108642578125,
    0.5377315397262573,
    0.5377732872962951,
    0.5400741062164307,
    0.5326176166534424,
    0.5272420554161071,
    0.5519609336853027,
    0.5350404272079468,
    0.5298783164024353,
    0.5171961908340454,
    0.5244889154434204,
    0.5093731760978699,
    0.5209399242401123,
    0.5368440179824829,
    0.505775622844696,
    0.5111024594306945,
    0.5102111768722534,
    0.5061220669746399,
    0.5205599937438965,
    0.5046369299888611,
    0.5301263599395752,
    0.5023452672958374,
    0.5253881435394288,
    0.5128402605056762,
    0.5119274048805237,
    0.5035558485984802,
    0.50405681848526,
    0.5033076939582825,
    0.49474650049209595,
    0.505951865196228,
    0.5193004179000854
  ],
  "grad_evals": [
    47,
    94,
    141,
    188,
    235,
    282,
    329,
    376,
    423,
    470,
    517,
    564,
    611,
    658,
    705,
    752,
    799,
    846,
    893,
    940,
    987,
    1034,
    1081,
    1128,
    1175,
    1222,
    1269,
    1316,
    1363,
    1410,
    1457,
    1504,
    1551,
    1598,
    1645,
    1692,
    1739,
    1786,
    1833,
    1880
  ],
  "wall_clock_s": [
    0.2044481769999038,
    0.4019156720000865,
    0.5987031059999026,
    0.7877021839999543,
    0.9826443150000159,
    1.1786138110001048,
    1.3794199520000348,
    1.5737672430000202,
    1.7795671760000005,
    1.9766051900001003,
    2.1745993229999385,
    2.3825685100000555,
    2.577626696999914,
    2.769044838999889,
    3.1201061570000093,
    3.3154847710000013,
    3.509730483000112,
    3.713156377999894,
    3.909403090000069,
    4.097145855000008,
    4.285624940999924,
    4.479040464000036,
    4.66656983200005,
    4.853739439000037,
    5.044111162000036,
    5.231734062999976,
    5.426168510000025,
    5.616818082000009,
    5.810379089999969,
    6.0040792340000735,
    6.194508275000089,
    6.384975983000004,
    6.732831297000075,
    6.920783187000097,
    7.106159501000093,
    7.296303156000022,
    7.482563364000043,
    7.673895068000093,
    7.8653303010000855,
    8.057819096000003
  ],
  "total_grad_evals": 1880,
  "best_val_loss": 0.49474650049209595,
  "n_epochs_run": 40,
  "test_metrics": {
    "accuracy": 0.78175,
    "macro_f1": 0.5758973449681998,
    "balanced_acc": 0.5655710467745264,
    "confusion_matrix": [
      [
        1153,
        239,
        0,
        0,
        2,
        1,
        29
      ],
      [
        346,
        1582,
        15,
        0,
        13,
        13,
        3
      ],
      [
        0,
        21,
        217,
        1,
        1,
        9,
        0
      ],
      [
        0,
        0,
        14,
        0,
        0,
        2,
        0
      ],
      [
        3,
        33,
        2,
        0,
        27,
        1,
        0
      ],
      [
        1,
        17,
        72,
        0,
        0,
        41,
        0
      ],
      [
        34,
        1,
        0,
        0,
        0,
        0,
        107
      ]
    ],
    "per_class_report": {
      "CT1": {
        "precision": 0.7501626545217958,
        "recall": 0.8096910112359551,
        "f1-score": 0.7787909490037149,
        "support": 1424.0
      },
      "CT2": {
        "precision": 0.8357105124141574,
        "recall": 0.8022312373225152,
        "f1-score": 0.8186287192755498,
        "support": 1972.0
      },
      "CT3": {
        "precision": 0.678125,
        "recall": 0.8714859437751004,
        "f1-score": 0.7627416520210897,
        "support": 249.0
      },
      "CT4": {
        "precision": 0.0,
        "recall": 0.0,
        "f1-score": 0.0,
        "support": 16.0
      },
      "CT5": {
        "precision": 0.627906976744186,
        "recall": 0.4090909090909091,
        "f1-score": 0.4954128440366973,
        "support": 66.0
      },
      "CT6": {
        "precision": 0.6119402985074627,
        "recall": 0.31297709923664124,
        "f1-score": 0.41414141414141414,
        "support": 131.0
      },
      "CT7": {
        "precision": 0.7697841726618705,
        "recall": 0.7535211267605634,
        "f1-score": 0.7615658362989324,
        "support": 142.0
      },
      "accuracy": 0.78175,
      "macro avg": {
        "precision": 0.6105185164070674,
        "recall": 0.5655710467745264,
        "f1-score": 0.5758973449681998,
        "support": 4000.0
      },
      "weighted avg": {
        "precision": 0.7790053169018338,
        "recall": 0.78175,
        "f1-score": 0.7770872347148303,
        "support": 4000.0
      }
    }
  }
}