{
  "run_name": "part3_label_smooth_0.1_seed7",
  "seed": 7,
  "train_loss": [
    1.2601490109761555,
    0.9842440741856893,
    0.9526849667231242,
    0.9347671480178833,
    0.9251244519551595,
    0.9129750251770019,
    0.9026583970387777,
    0.8977250016530355,
    0.8878277055422465,
    0.8814350878397623,
    0.8768246380488077,
    0.8714021129608154,
    0.8624653922716776,
    0.861239538192749,
    0.8555451205571493,
    0.8496703321139017,
    0.8445667174657185,
    0.8379159250259399,
    0.8342969120343526,
    0.8365509845415751,
    0.8258335636456807,
    0.8225352052052816,
    0.8187249272664388,
    0.8157507146199544,
    0.8078653806050619,
    0.8083684301376343,
    0.8030186936060587,
    0.7979570220311483,
    0.7979736957550049,
    0.7912213225364685,
    0.790760552406311,
    0.7881598814328512,
    0.7839256636301677,
    0.7815437393188477,
    0.773967022895813,
    0.7752152544657389,
    0.7709681638081869,
    0.767290402730306,
    0.7659487180709839,
    0.7647169102032979
  ],
  "val_loss": [
    1.0076953678131104,
    0.9632587013244629,
    0.9441171674728394,
    0.9401007270812989,
    0.9251540174484253,
    0.9196803331375122,
    0.9060678300857544,
    0.9050665693283081,
    0.8989329347610474,
    0.9038364982604981,
    0.8943205862045288,
    0.8843911628723145,
    0.8923345499038696,
    0.8883425703048706,
    0.876944655418396,
    0.8733764762878418,
    0.8762327280044556,
    0.8692532811164856,
    0.8700117206573487,
    0.8696953735351562,
    0.8656690950393677,
    0.857947585105896,
    0.8684983568191529,
    0.859265742301941,
    0.8576469826698303,
    0.8600947499275208,
    0.8524965553283691,
    0.8643865213394165,
    0.8454375720024109,
    0.8514051771163941,
    0.8517031793594361,
    0.8526934289932251,
    0.8540654458999634,
    0.8429872560501098,
    0.8389872679710388,
    0.8467350435256958,
    0.8395687522888183,
    0.8413760647773743,
    0.8443332920074463,
    0.8385116119384766
  ],
  "grad_evals": [
    47,
    94,
    141,
    188,
    235,
    282,
    329,
    376,
    423,
    470,
    517,
    564,
    611,
    658,
    705,
    752,
    799,
    846,
    893,
    940,
    987,
    1034,
    1081,
    1128,
    1175,
    1222,
    1269,
    1316,
    1363,
    1410,
    1457,
    1504,
    1551,
    1598,
    1645,
    1692,
    1739,
    1786,
    1833,
    1880
  ],
  "wall_clock_s": [
    0.210955322000018,
    0.42331188200000724,
    0.6373285140000462,
    0.8578012309999394,
    1.0875038570000015,
    1.330403497999896,
    1.5450945350000893,
    1.9288427849999152,
    2.1470823629999813,
    2.369796618999999,
    2.5903605280000193,
    2.814225669000052,
    3.0358056570000826,
    3.281706166000049,
    3.4997250270000677,
    3.722920466000005,
    3.9658015580000665,
    4.21867251599997,
    4.467895424000062,
    4.7050890569998955,
    4.9821776520000185,
    5.224903892999919,
    5.525306294000075,
    5.838385624000011,
    6.1559265900000355,
    6.770686049999995,
    7.097981183999991,
    7.373467681999955,
    7.615319533000047,
    7.86877858999992,
    8.132613223999897,
    8.430104919000087,
    8.65186880400006,
    8.892184598000085,
    9.13463075499999,
    9.374897296999961,
    9.607330620000084,
    9.82198533199994,
    10.061521646000074,
    10.29352019099997
  ],
  "total_grad_evals": 1880,
  "best_val_loss": 0.8385116119384766,
  "n_epochs_run": 40,
  "test_metrics": {
    "accuracy": 0.7845,
    "macro_f1": 0.6204633506255625,
    "balanced_acc": 0.5820553019595609,
    "confusion_matrix": [
      [
        1117,
        287,
        0,
        0,
        2,
        1,
        17
      ],
      [
        286,
        1649,
        18,
        0,
        7,
        12,
        0
      ],
      [
        1,
        14,
        213,
        1,
        1,
        19,
        0
      ],
      [
        0,
        0,
        8,
        6,
        0,
        2,
        0
      ],
      [
        6,
        41,
        2,
        0,
        15,
        2,
        0
      ],
      [
        1,
        17,
        70,
        1,
        1,
        41,
        0
      ],
      [
        44,
        1,
        0,
        0,
        0,
        0,
        97
      ]
    ],
    "per_class_report": {
      "CT1": {
        "precision": 0.7676975945017183,
        "recall": 0.7844101123595506,
        "f1-score": 0.7759638763459534,
        "support": 1424.0
      },
      "CT2": {
        "precision": 0.8208063713290195,
        "recall": 0.8362068965517241,
        "f1-score": 0.8284350665661894,
        "support": 1972.0
      },
      "CT3": {
        "precision": 0.684887459807074,
        "recall": 0.8554216867469879,
        "f1-score": 0.7607142857142857,
        "support": 249.0
      },
      "CT4": {
        "precision": 0.75,
        "recall": 0.375,
        "f1-score": 0.5,
        "support": 16.0
      },
      "CT5": {
        "precision": 0.5769230769230769,
        "recall": 0.22727272727272727,
        "f1-score": 0.32608695652173914,
        "support": 66.0
      },
      "CT6": {
        "precision": 0.5324675324675324,
        "recall": 0.31297709923664124,
        "f1-score": 0.3942307692307692,
        "support": 131.0
      },
      "CT7": {
        "precision": 0.8508771929824561,
        "recall": 0.6830985915492958,
        "f1-score": 0.7578125,
        "support": 142.0
      },
      "accuracy": 0.7845,
      "macro avg": {
        "precision": 0.7119513182872683,
        "recall": 0.5820553019595609,
        "f1-score": 0.6204633506255625,
        "support": 4000.0
      },
      "weighted avg": {
        "precision": 0.7807558118892282,
        "recall": 0.7845,
        "f1-score": 0.7792099283069215,
        "support": 4000.0
      }
    }
  }
}