{
  "run_name": "part2_sgd_no_momentum_seed7",
  "seed": 7,
  "train_loss": [
    1.1310554602940877,
    0.795753450870514,
    0.7410828779538472,
    0.7116730418205262,
    0.6901029772758484,
    0.6763513331413269,
    0.6635451556841533,
    0.6575144538879395,
    0.6446650635401407,
    0.6370736424128215,
    0.6288706960678101,
    0.6257424785296122,
    0.6178516181310018,
    0.6137215234438578,
    0.6084708525339763,
    0.6024054969151815,
    0.5987222035725911,
    0.5923943026860555,
    0.5896938751538594,
    0.5855554766654968,
    0.5828931709925333,
    0.5782163729667663,
    0.5732265550295512,
    0.5673968431154887,
    0.5654939017295837,
    0.5653023853302002,
    0.5603911956151326,
    0.5560404114723205,
    0.5564512008031209,
    0.5498552403450012,
    0.5471226002375285,
    0.5473879969914754,
    0.5432914346059163,
    0.5364857145945231,
    0.5364848186175029,
    0.5334371611277262,
    0.528632959206899,
    0.5273272589047749,
    0.5264711722532908,
    0.522774553934733
  ],
  "val_loss": [
    0.8508672213554382,
    0.7557715077400208,
    0.7202489290237427,
    0.6963209772109985,
    0.6884695653915405,
    0.6734394750595093,
    0.6578032417297364,
    0.6515766987800599,
    0.641526153087616,
    0.6377187490463256,
    0.6297613153457642,
    0.6281668033599853,
    0.6216426129341126,
    0.6168594484329224,
    0.6135117816925049,
    0.6088816576004028,
    0.6067796812057495,
    0.6032122097015381,
    0.5989303803443908,
    0.5984754366874695,
    0.593371419429779,
    0.5883279390335083,
    0.5881498799324035,
    0.5861714487075805,
    0.5816637659072876,
    0.5822690696716308,
    0.5766207971572876,
    0.5762985033988952,
    0.5707792310714722,
    0.5693519849777222,
    0.5665628509521484,
    0.5651352634429931,
    0.5644097828865051,
    0.5664454851150512,
    0.5570308785438538,
    0.5575367274284363,
    0.5553930163383484,
    0.5505401639938354,
    0.5528635439872742,
    0.5532989110946656
  ],
  "grad_evals": [
    47,
    94,
    141,
    188,
    235,
    282,
    329,
    376,
    423,
    470,
    517,
    564,
    611,
    658,
    705,
    752,
    799,
    846,
    893,
    940,
    987,
    1034,
    1081,
    1128,
    1175,
    1222,
    1269,
    1316,
    1363,
    1410,
    1457,
    1504,
    1551,
    1598,
    1645,
    1692,
    1739,
    1786,
    1833,
    1880
  ],
  "wall_clock_s": [
    0.18936746600002152,
    0.3793222890001289,
    0.5643554590001258,
    0.7533599150001464,
    0.9377500909999981,
    1.1234019020000687,
    1.4683573520001119,
    1.6539827230001265,
    1.8450771279999572,
    2.0306685079999625,
    2.220566141000063,
    2.413161944999956,
    2.5986294159999943,
    2.7866505560000405,
    2.975711500999978,
    3.1670894450001015,
    3.359882564000145,
    3.559378302000141,
    3.7499012749999565,
    3.9421639470001537,
    4.137315120000039,
    4.32651518800003,
    4.515035389000104,
    4.70447557500006,
    5.070757450999963,
    5.260871099000042,
    5.453114013000004,
    5.644585877000054,
    5.832793357000128,
    6.022698363000018,
    6.214642743000013,
    6.401352965000115,
    6.587647324000045,
    6.7734498090001125,
    6.962287273000129,
    7.1464428490000955,
    7.33128277600008,
    7.51603849900016,
    7.70451897199996,
    7.905702933000157
  ],
  "total_grad_evals": 1880,
  "best_val_loss": 0.5505401639938354,
  "n_epochs_run": 40,
  "test_metrics": {
    "accuracy": 0.753,
    "macro_f1": 0.528740466439668,
    "balanced_acc": 0.510514253460601,
    "confusion_matrix": [
      [
        1028,
        360,
        1,
        0,
        0,
        1,
        34
      ],
      [
        297,
        1634,
        23,
        0,
        1,
        14,
        3
      ],
      [
        0,
        21,
        197,
        1,
        0,
        30,
        0
      ],
      [
        0,
        0,
        10,
        1,
        0,
        5,
        0
      ],
      [
        1,
        52,
        2,
        0,
        9,
        2,
        0
      ],
      [
        0,
        19,
        67,
        1,
        0,
        44,
        0
      ],
      [
        42,
        1,
        0,
        0,
        0,
        0,
        99
      ]
    ],
    "per_class_report": {
      "CT1": {
        "precision": 0.7514619883040936,
        "recall": 0.7219101123595506,
        "f1-score": 0.7363896848137536,
        "support": 1424.0
      },
      "CT2": {
        "precision": 0.7829420220412074,
        "recall": 0.8286004056795132,
        "f1-score": 0.8051244148805125,
        "support": 1972.0
      },
      "CT3": {
        "precision": 0.6566666666666666,
        "recall": 0.7911646586345381,
        "f1-score": 0.7176684881602914,
        "support": 249.0
      },
      "CT4": {
        "precision": 0.3333333333333333,
        "recall": 0.0625,
        "f1-score": 0.10526315789473684,
        "support": 16.0
      },
      "CT5": {
        "precision": 0.9,
        "recall": 0.13636363636363635,
        "f1-score": 0.23684210526315788,
        "support": 66.0
      },
      "CT6": {
        "precision": 0.4583333333333333,
        "recall": 0.33587786259541985,
        "f1-score": 0.3876651982378855,
        "support": 131.0
      },
      "CT7": {
        "precision": 0.7279411764705882,
        "recall": 0.6971830985915493,
        "f1-score": 0.7122302158273381,
        "support": 142.0
      },
      "accuracy": 0.753,
      "macro avg": {
        "precision": 0.6586683600213175,
        "recall": 0.510514253460601,
        "f1-score": 0.528740466439668,
        "support": 4000.0
      },
      "weighted avg": {
        "precision": 0.7514240464672786,
        "recall": 0.753,
        "f1-score": 0.7460650829903493,
        "support": 4000.0
      }
    }
  }
}