{
  "run_name": "part3_adam_baseline_seed42",
  "seed": 42,
  "train_loss": [
    1.1433160538673401,
    0.7040676069259644,
    0.6587669736544292,
    0.6305205305417378,
    0.6102496441205343,
    0.596999265352885,
    0.5820606546401977,
    0.5663667658170064,
    0.5564839787483216,
    0.5463998702367147,
    0.5364484669367472,
    0.5287171818415324,
    0.5209354289372762,
    0.5114855807622274,
    0.5045244901180267,
    0.4958723308245341,
    0.4860004194577535,
    0.48315727003415426,
    0.4763003897666931,
    0.4689782701333364,
    0.4616094475587209,
    0.46137250622113546,
    0.4522030422687531,
    0.44828287092844643,
    0.4414153271516164,
    0.438480738957723,
    0.4322212168375651,
    0.4280995908578237,
    0.42238204407691954,
    0.42091526206334434,
    0.417377969344457,
    0.41161602568626404,
    0.40588617396354676,
    0.40466658234596253,
    0.3985884126027425,
    0.39666053326924644,
    0.3882968582312266,
    0.38930340886116027,
    0.38405197540918984,
    0.37620437947909036
  ],
  "val_loss": [
    0.7657298769950867,
    0.6833206505775452,
    0.648786256313324,
    0.6302388534545899,
    0.6186834440231324,
    0.6087898454666137,
    0.5973339338302612,
    0.578149317741394,
    0.5735574712753296,
    0.5680156140327454,
    0.5593151693344116,
    0.5494258460998536,
    0.5584416012763977,
    0.5417377552986145,
    0.543261043548584,
    0.531785521030426,
    0.5311255307197571,
    0.5366847681999206,
    0.5274553761482239,
    0.531268723487854,
    0.5275838370323181,
    0.52412917137146,
    0.5203474798202514,
    0.5166742367744446,
    0.5162337827682495,
    0.5100432062149047,
    0.5249668855667114,
    0.5150213613510132,
    0.49909672832489016,
    0.5033778748512268,
    0.509822937965393,
    0.5127362356185913,
    0.5035256133079529,
    0.5035169363021851,
    0.51255966091156,
    0.5125684251785279,
    0.503397406578064,
    0.5009849500656128,
    0.49847796726226806,
    0.5085356187820435
  ],
  "grad_evals": [
    47,
    94,
    141,
    188,
    235,
    282,
    329,
    376,
    423,
    470,
    517,
    564,
    611,
    658,
    705,
    752,
    799,
    846,
    893,
    940,
    987,
    1034,
    1081,
    1128,
    1175,
    1222,
    1269,
    1316,
    1363,
    1410,
    1457,
    1504,
    1551,
    1598,
    1645,
    1692,
    1739,
    1786,
    1833,
    1880
  ],
  "wall_clock_s": [
    0.21043078299999252,
    0.4164318769999227,
    0.6372689960001026,
    0.8539535180000257,
    1.0610061150000547,
    1.3029120240000793,
    1.507953979999911,
    1.8807814859999326,
    2.092954700000064,
    2.3058358309999676,
    2.513418644000012,
    2.7227824829999463,
    2.937731966000001,
    3.1461927289999494,
    3.351739834,
    3.5561903319999146,
    3.7633337679999386,
    3.9802469989999736,
    4.203079491999915,
    4.438057512000114,
    4.6556395990000965,
    4.86063590699996,
    5.067684612999983,
    5.272563760999901,
    5.476259689000017,
    5.853665709000097,
    6.059345625000105,
    6.266177408999965,
    6.479750657000068,
    6.687640692000059,
    6.892020713999955,
    7.0992403610000565,
    7.304531816999997,
    7.509478585000124,
    7.717996250999931,
    7.927084301999912,
    8.13445099799992,
    8.345672383999954,
    8.551340922000009,
    8.765236252000022
  ],
  "total_grad_evals": 1880,
  "best_val_loss": 0.49847796726226806,
  "n_epochs_run": 40,
  "test_metrics": {
    "accuracy": 0.7835,
    "macro_f1": 0.6445437069560247,
    "balanced_acc": 0.6069043964428563,
    "confusion_matrix": [
      [
        1041,
        359,
        0,
        0,
        0,
        1,
        23
      ],
      [
        219,
        1717,
        12,
        0,
        5,
        17,
        2
      ],
      [
        1,
        29,
        189,
        1,
        0,
        29,
        0
      ],
      [
        0,
        0,
        7,
        7,
        0,
        2,
        0
      ],
      [
        3,
        39,
        2,
        0,
        19,
        3,
        0
      ],
      [
        0,
        24,
        57,
        2,
        0,
        48,
        0
      ],
      [
        28,
        1,
        0,
        0,
        0,
        0,
        113
      ]
    ],
    "per_class_report": {
      "CT1": {
        "precision": 0.8057275541795665,
        "recall": 0.7310393258426966,
        "f1-score": 0.7665684830633285,
        "support": 1424.0
      },
      "CT2": {
        "precision": 0.7916090364223144,
        "recall": 0.8706896551724138,
        "f1-score": 0.8292682926829268,
        "support": 1972.0
      },
      "CT3": {
        "precision": 0.7078651685393258,
        "recall": 0.7590361445783133,
        "f1-score": 0.7325581395348837,
        "support": 249.0
      },
      "CT4": {
        "precision": 0.7,
        "recall": 0.4375,
        "f1-score": 0.5384615384615384,
        "support": 16.0
      },
      "CT5": {
        "precision": 0.7916666666666666,
        "recall": 0.2878787878787879,
        "f1-score": 0.4222222222222222,
        "support": 66.0
      },
      "CT6": {
        "precision": 0.48,
        "recall": 0.366412213740458,
        "f1-score": 0.4155844155844156,
        "support": 131.0
      },
      "CT7": {
        "precision": 0.8188405797101449,
        "recall": 0.795774647887324,
        "f1-score": 0.8071428571428572,
        "support": 142.0
      },
      "accuracy": 0.7835,
      "macro avg": {
        "precision": 0.7279584293597169,
        "recall": 0.6069043964428563,
        "f1-score": 0.6445437069560247,
        "support": 4000.0
      },
      "weighted avg": {
        "precision": 0.7818182115654098,
        "recall": 0.7835,
        "f1-score": 0.7787138663087483,
        "support": 4000.0
      }
    }
  }
}