{
  "run_name": "part3_dropout_0.2_seed123",
  "seed": 123,
  "train_loss": [
    1.2790169841448467,
    0.8206349840164184,
    0.7655369440714518,
    0.72880197985967,
    0.7110796225865682,
    0.6885097160339355,
    0.674732272307078,
    0.6587949515978495,
    0.6566803439458211,
    0.6409164169629414,
    0.6403433095614115,
    0.6314760737419128,
    0.6291654219627381,
    0.6186853624979655,
    0.6123459083239238,
    0.605376988252004,
    0.6025788257916769,
    0.5963362441062927,
    0.5973130238850911,
    0.5899344255129496,
    0.5831281208992004,
    0.5809117682774861,
    0.5801899879773458,
    0.5712950792312622,
    0.5730738668441773,
    0.5621939992904663,
    0.5671753644943237,
    0.5627734068234762,
    0.5586336280504862,
    0.553832533677419,
    0.5501912582715353,
    0.5486153279940287,
    0.5444806984265645,
    0.5404277849197388,
    0.5373100051879883,
    0.53305424284935,
    0.5334684451421102,
    0.5346272994677226,
    0.5231853462855021,
    0.5289478398958842
  ],
  "val_loss": [
    0.8004987874031066,
    0.7038918905258179,
    0.6770748515129089,
    0.660107834815979,
    0.6457170205116272,
    0.6294105772972107,
    0.6225108633041382,
    0.6093446588516236,
    0.6029209747314453,
    0.5999871754646301,
    0.5921572051048278,
    0.5896373553276062,
    0.5808498001098633,
    0.5812977724075318,
    0.573231273651123,
    0.569218752861023,
    0.566182183265686,
    0.5644971337318421,
    0.5607979478836059,
    0.5596273231506348,
    0.5569711389541626,
    0.5543102679252625,
    0.5497975792884827,
    0.5511088366508484,
    0.545658305644989,
    0.5438596987724305,
    0.539352458000183,
    0.5368212566375733,
    0.5349231848716736,
    0.5344333057403564,
    0.5303445806503296,
    0.528009138584137,
    0.5285194244384765,
    0.5230754413604737,
    0.5223932161331176,
    0.5201209983825683,
    0.5228515090942383,
    0.5186217818260193,
    0.5157316279411316,
    0.5166534156799316
  ],
  "grad_evals": [
    47,
    94,
    141,
    188,
    235,
    282,
    329,
    376,
    423,
    470,
    517,
    564,
    611,
    658,
    705,
    752,
    799,
    846,
    893,
    940,
    987,
    1034,
    1081,
    1128,
    1175,
    1222,
    1269,
    1316,
    1363,
    1410,
    1457,
    1504,
    1551,
    1598,
    1645,
    1692,
    1739,
    1786,
    1833,
    1880
  ],
  "wall_clock_s": [
    0.2764116150001428,
    0.5572101910001948,
    0.8380674140000792,
    1.1179460970001855,
    1.564953426000102,
    1.8476274130000547,
    2.129047304000096,
    2.4185656520000975,
    2.705251139999973,
    2.9863041270000394,
    3.2744232050001756,
    3.5648618280001756,
    3.8516006429999834,
    4.135527518000117,
    4.42840530400008,
    4.716152213999976,
    5.013997086000018,
    5.317891966000161,
    5.630219071000056,
    5.935393435000151,
    6.235326923999992,
    6.528561523999997,
    6.984469183000101,
    7.271238991000018,
    7.558800980000115,
    7.838559613000143,
    8.118665135000128,
    8.401476686000024,
    8.685968092000167,
    8.970281841000087,
    9.255581942000163,
    9.53586108200011,
    9.81649068500019,
    10.092083457000172,
    10.38894389799998,
    10.68000471900018,
    10.960502701999985,
    11.239334638000173,
    11.51288465000016,
    11.78928016000009
  ],
  "total_grad_evals": 1880,
  "best_val_loss": 0.5157316279411316,
  "n_epochs_run": 40,
  "test_metrics": {
    "accuracy": 0.76075,
    "macro_f1": 0.5773848402191255,
    "balanced_acc": 0.5567621114573332,
    "confusion_matrix": [
      [
        1061,
        331,
        0,
        0,
        0,
        1,
        31
      ],
      [
        318,
        1605,
        21,
        0,
        2,
        24,
        2
      ],
      [
        0,
        15,
        204,
        3,
        0,
        27,
        0
      ],
      [
        0,
        0,
        9,
        3,
        0,
        4,
        0
      ],
      [
        1,
        47,
        2,
        0,
        13,
        3,
        0
      ],
      [
        0,
        17,
        63,
        2,
        0,
        49,
        0
      ],
      [
        33,
        1,
        0,
        0,
        0,
        0,
        108
      ]
    ],
    "per_class_report": {
      "CT1": {
        "precision": 0.7508846426043878,
        "recall": 0.7450842696629213,
        "f1-score": 0.7479732111385267,
        "support": 1424.0
      },
      "CT2": {
        "precision": 0.7961309523809523,
        "recall": 0.813894523326572,
        "f1-score": 0.804914744232698,
        "support": 1972.0
      },
      "CT3": {
        "precision": 0.6822742474916388,
        "recall": 0.8192771084337349,
        "f1-score": 0.7445255474452555,
        "support": 249.0
      },
      "CT4": {
        "precision": 0.375,
        "recall": 0.1875,
        "f1-score": 0.25,
        "support": 16.0
      },
      "CT5": {
        "precision": 0.8666666666666667,
        "recall": 0.19696969696969696,
        "f1-score": 0.32098765432098764,
        "support": 66.0
      },
      "CT6": {
        "precision": 0.4537037037037037,
        "recall": 0.37404580152671757,
        "f1-score": 0.4100418410041841,
        "support": 131.0
      },
      "CT7": {
        "precision": 0.7659574468085106,
        "recall": 0.7605633802816901,
        "f1-score": 0.7632508833922261,
        "support": 142.0
      },
      "accuracy": 0.76075,
      "macro avg": {
        "precision": 0.6700882370936944,
        "recall": 0.5567621114573332,
        "f1-score": 0.5773848402191255,
        "support": 4000.0
      },
      "weighted avg": {
        "precision": 0.7601293498553244,
        "recall": 0.76075,
        "f1-score": 0.7562687203501101,
        "support": 4000.0
      }
    }
  }
}