{
  "run_name": "sl_sgd_baseline",
  "seed": 42,
  "train_loss": [
    1.1068555153210957,
    0.7824931864738465,
    0.7278339397112529,
    0.702401225566864,
    0.6842164888381957,
    0.6683051042556762,
    0.6572858031590779,
    0.6471248606046041,
    0.6403051915168763,
    0.6351458965937297,
    0.6262598698933919,
    0.618993925412496,
    0.6151710670789082,
    0.6086050372123718,
    0.6024095902442932,
    0.6007518464724223,
    0.5925910598436991,
    0.5890151732762655,
    0.5839583929379781,
    0.5809933786392212,
    0.5762588007450103,
    0.5711108028093974,
    0.570779343922933,
    0.5648441940943401,
    0.5613092565536499,
    0.5588925746281942,
    0.5545996255874633,
    0.5540364931424459,
    0.5530783869425455,
    0.5475229454040528,
    0.541085439046224,
    0.5355658313433329,
    0.5348772005240122,
    0.5314522292613983,
    0.5288166912396749,
    0.5289200361569723,
    0.5232463910579681,
    0.5221882206598918,
    0.5180084088643392,
    0.51817702126503,
    0.5120853034655253,
    0.5144633161226908,
    0.5095418867270152,
    0.5050265471935272,
    0.5023969791730245,
    0.5012631426652272,
    0.49789178172747295,
    0.49608178973197936,
    0.49545538449287413,
    0.4900593651930491
  ],
  "val_loss": [
    0.8377334089279175,
    0.7498518152236938,
    0.7139492235183715,
    0.693203251838684,
    0.6785304942131043,
    0.6663883752822876,
    0.6583938994407654,
    0.6501751642227173,
    0.6449611687660217,
    0.6378523645401001,
    0.6351182985305787,
    0.6307449884414673,
    0.6222329950332641,
    0.6188120307922363,
    0.6113192362785339,
    0.6110694117546082,
    0.6137249989509582,
    0.6051962761878967,
    0.5999305391311646,
    0.5946017003059387,
    0.5947300119400024,
    0.5904652895927429,
    0.5851662683486939,
    0.5862846555709839,
    0.580500659942627,
    0.5796313085556031,
    0.5781514806747436,
    0.5762483553886414,
    0.5727150106430053,
    0.5689279999732971,
    0.5720704698562622,
    0.5656730966567993,
    0.5664978628158569,
    0.5671395998001099,
    0.5561623950004577,
    0.5588209519386291,
    0.5569939088821411,
    0.5529761600494385,
    0.5562187843322753,
    0.5556058483123779,
    0.5527794098854065,
    0.5499155435562134,
    0.5437328190803528,
    0.5418266916275024,
    0.5456856870651245,
    0.546543158531189,
    0.5439921340942383,
    0.5498665747642517,
    0.5382019143104553,
    0.5403357739448548
  ],
  "grad_evals": [
    47,
    94,
    141,
    188,
    235,
    282,
    329,
    376,
    423,
    470,
    517,
    564,
    611,
    658,
    705,
    752,
    799,
    846,
    893,
    940,
    987,
    1034,
    1081,
    1128,
    1175,
    1222,
    1269,
    1316,
    1363,
    1410,
    1457,
    1504,
    1551,
    1598,
    1645,
    1692,
    1739,
    1786,
    1833,
    1880,
    1927,
    1974,
    2021,
    2068,
    2115,
    2162,
    2209,
    2256,
    2303,
    2350
  ],
  "wall_clock_s": [
    0.19904816100006428,
    0.392781186999855,
    0.7479677039998478,
    0.9290016689999447,
    1.1092163309999705,
    1.2948825549999583,
    1.4847360859998844,
    1.7023115530000723,
    1.8981598369998665,
    2.0901418079999985,
    2.281357785999944,
    2.4702763840000443,
    2.6565385330000026,
    2.8428261100000327,
    3.028689770000028,
    3.215617722999923,
    3.400729672999887,
    3.5914496549999058,
    3.7911140740000064,
    4.149382193000065,
    4.334053019000066,
    4.517522224999993,
    4.701668366999911,
    4.8945012720000705,
    5.0869863259999875,
    5.2996823179998955,
    5.492762153000058,
    5.679445568999881,
    5.86718272600001,
    6.054151354999931,
    6.234827086999985,
    6.418895665000036,
    6.601887841000007,
    6.783781022999847,
    6.964282950999859,
    7.154018741000073,
    7.352861333999954,
    7.715168567999854,
    7.903905957000006,
    8.091083750000053,
    8.27492753699994,
    8.465605546999996,
    8.655659000000014,
    8.842889979999882,
    9.024835921999966,
    9.209506792999946,
    9.400912525999956,
    9.600666194000041,
    9.81517646899988,
    10.010332211999867
  ],
  "total_grad_evals": 2350,
  "best_val_loss": 0.5382019143104553,
  "n_epochs_run": 50,
  "test_metrics": {
    "accuracy": 0.75325,
    "macro_f1": 0.5904330117283496,
    "balanced_acc": 0.5561204744909926,
    "confusion_matrix": [
      [
        1031,
        363,
        0,
        0,
        1,
        1,
        28
      ],
      [
        299,
        1636,
        15,
        0,
        4,
        18,
        0
      ],
      [
        0,
        28,
        181,
        2,
        0,
        38,
        0
      ],
      [
        0,
        0,
        7,
        6,
        0,
        3,
        0
      ],
      [
        0,
        52,
        2,
        0,
        11,
        1,
        0
      ],
      [
        0,
        21,
        61,
        1,
        0,
        48,
        0
      ],
      [
        41,
        1,
        0,
        0,
        0,
        0,
        100
      ]
    ],
    "per_class_report": {
      "CT1": {
        "precision": 0.7520058351568198,
        "recall": 0.7240168539325843,
        "f1-score": 0.7377459749552773,
        "support": 1424.0
      },
      "CT2": {
        "precision": 0.7786768205616373,
        "recall": 0.8296146044624746,
        "f1-score": 0.8033390621163762,
        "support": 1972.0
      },
      "CT3": {
        "precision": 0.6804511278195489,
        "recall": 0.7269076305220884,
        "f1-score": 0.7029126213592233,
        "support": 249.0
      },
      "CT4": {
        "precision": 0.6666666666666666,
        "recall": 0.375,
        "f1-score": 0.48,
        "support": 16.0
      },
      "CT5": {
        "precision": 0.6875,
        "recall": 0.16666666666666666,
        "f1-score": 0.2682926829268293,
        "support": 66.0
      },
      "CT6": {
        "precision": 0.44036697247706424,
        "recall": 0.366412213740458,
        "f1-score": 0.4,
        "support": 131.0
      },
      "CT7": {
        "precision": 0.78125,
        "recall": 0.704225352112676,
        "f1-score": 0.7407407407407407,
        "support": 142.0
      },
      "accuracy": 0.75325,
      "macro avg": {
        "precision": 0.6838453460973911,
        "recall": 0.5561204744909926,
        "f1-score": 0.5904330117283496,
        "support": 4000.0
      },
      "weighted avg": {
        "precision": 0.7501266425747726,
        "recall": 0.75325,
        "f1-score": 0.7481831609516527,
        "support": 4000.0
      }
    }
  }
}